Name,FF_max_velo,FC_max_velo,SI_max_velo,mlbID,CH_release_extension,CH_release_pos_x,CH_release_pos_z,CH_release_speed,CH_release_spin_rate,CH_release_extension_std,CH_release_pos_x_std,CH_release_pos_z_std,CH_pitch_type,CH_percentage,CU_release_extension,CU_release_pos_x,CU_release_pos_z,CU_release_speed,CU_release_spin_rate,CU_release_extension_std,CU_release_pos_x_std,CU_release_pos_z_std,CU_pitch_type,CU_percentage,FC_release_extension,FC_release_pos_x,FC_release_pos_z,FC_release_speed,FC_release_spin_rate,FC_release_extension_std,FC_release_pos_x_std,FC_release_pos_z_std,FC_pitch_type,FC_percentage,FF_release_extension,FF_release_pos_x,FF_release_pos_z,FF_release_speed,FF_release_spin_rate,FF_release_extension_std,FF_release_pos_x_std,FF_release_pos_z_std,FF_pitch_type,FF_percentage,SI_release_extension,SI_release_pos_x,SI_release_pos_z,SI_release_speed,SI_release_spin_rate,SI_release_extension_std,SI_release_pos_x_std,SI_release_pos_z_std,SI_pitch_type,SI_percentage,SL_release_extension,SL_release_pos_x,SL_release_pos_z,SL_release_speed,SL_release_spin_rate,SL_release_extension_std,SL_release_pos_x_std,SL_release_pos_z_std,SL_pitch_type,SL_percentage,ff max-avg,fc max-avg,si max-avg,TJS
Jose Alvarado,100.9,99.1,102.5,621237,,,,,,,,,,,6.058638743,0.637015707,6.496020942,85.29502618,2499.32021,0.364524255,0.378821206,0.144447103,382.0,6.955571741,6.640584166,1.038220532,6.600730038,92.86243346,2222.764888,0.323035073,0.373935868,0.161374186,1315.0,23.94391843,6.582520325,0.561788618,6.515406504,98.04878049,2106.418699,0.268744909,0.253454605,0.139902435,246.0,4.479242535,6.729336735,0.935514229,6.560039448,98.44781629,2098.0482,0.256690264,0.326383788,0.148411349,3549.0,64.6212673,,,,,,,,,,,2.85121951,6.23756654,4.05218371,0
Joe Kelly,102.2,,102.2,523260,5.991486811,-1.716571767,5.510676157,86.88647687,2029.366587,0.271737013,0.179968302,0.184520032,843.0,9.671867829,5.54874552,-1.693598616,5.7683391,80.70934256,2738.379061,0.273381838,0.225985937,0.166320503,289.0,3.315741166,,,,,,,,,,,6.072391653,-1.656412274,5.520723839,97.53481511,2183.158935,0.288520184,0.184947401,0.206300473,2542.0,29.16475447,6.120252613,-1.719750752,5.375135367,97.34546627,2122.132488,0.255030652,0.172317739,0.22992609,2327.0,26.69802662,5.660052219,-1.743324786,5.695931624,88.4282906,2565.01533,0.309850471,0.212513506,0.221837791,1170.0,13.4235888,4.66518489,,4.85453373,0
Noah Syndergaard,102.0,,102.1,592789,6.795510455,-0.980467117,6.292722803,90.23079287,1702.07311,0.353459584,0.272825908,0.153182793,1627.0,14.43783832,6.265168539,-0.887946429,6.32890625,81.80528274,2166.618658,0.392174518,0.24619023,0.147379422,1344.0,11.92652409,,,,,,,,,,,6.674368761,-0.823626822,6.468673469,98.00915452,2180.24141,0.347786115,0.320197283,0.162164803,3430.0,30.43748336,6.614553082,-0.831935795,6.460764045,97.74449438,2128.916859,0.353198818,0.312046422,0.165414741,3115.0,27.64220428,6.389601386,-0.807369027,6.473362119,90.89591249,2107.099542,0.338026254,0.30204304,0.148507485,1737.0,15.41396752,3.99084548,,4.35550562,1
Kelvin Herrera,102.0,94.8,101.8,516969,6.145517241,-2.139328018,5.777835991,89.37118451,1798.867903,0.29373496,0.448143139,0.152900085,878.0,18.26503016,5.469014085,-1.948819444,6.036111111,81.93888889,2651.5,0.268482232,0.305862295,0.142961245,144.0,2.995631371,5.843137255,-2.17372549,5.952843137,91.25294118,2290.235294,0.200252219,0.416462998,0.084658633,102.0,2.121905554,6.03115942,-1.714174497,6.094514541,97.62747204,2252.50984,0.277845481,0.458328359,0.182280329,2235.0,46.49469524,6.100537634,-1.773674121,6.041948882,96.85228967,2191.376483,0.299029163,0.487681544,0.173483479,939.0,19.5340129,5.511089109,-1.852986248,5.951218075,83.52789784,2581.711364,0.296400031,0.486245177,0.151174176,509.0,10.58872478,4.37252796,3.54705882,4.94771033,0
Javy Guerra,101.1,,101.7,642770,6.309090909,-1.767272727,5.469090909,91.87272727,1741.636364,0.11361818,0.156977126,0.096690697,11.0,0.976042591,,,,,,,,,,,,,,,,,,,,,6.049779736,-1.647444934,5.615286344,97.72555066,2320.903084,0.219285737,0.467675092,0.158893525,227.0,20.14196983,5.937913043,-1.7348,5.386191304,97.85182609,2138.94087,0.245565179,0.435433126,0.198468698,575.0,51.02040816,5.999609375,-1.577470817,5.575914397,88.19610895,2414.692913,0.243905807,0.310578191,0.150372066,257.0,22.80390417,3.37444934,,3.84817391,0
Trevor Rosenthal,101.7,,101.4,572096,5.936907731,-0.684209246,6.044671533,88.00559611,1625.658291,0.291606608,0.261541481,0.122285458,411.0,14.56930167,5.515625,-0.551818182,6.205151515,80.83333333,1983.206897,0.338982705,0.29264371,0.129086241,33.0,1.169797944,,,,,,,,,,,5.913467049,-0.820470146,6.102364833,98.24917724,2415.345261,0.294316468,0.295417757,0.117316749,2127.0,75.39879475,,,,,,,,,,,5.776150628,-0.735271967,6.01790795,86.97154812,2180.146893,0.2224204,0.29031537,0.107092083,239.0,8.472172988,3.45082276,,,1
Jason Foley,100.8,,101.3,671345,6.718099548,-2.113257919,5.477692308,90.84343891,1616.737557,0.217919937,0.154405816,0.129111,221.0,8.444784104,,,,,,,,,,,,,,,,,,,,,6.56875,-2.044375,5.715277778,96.46041667,2188.640845,0.151666154,0.285382136,0.154258635,144.0,5.50248376,6.62468544,-1.889982025,5.664194128,96.72768125,2028.401208,0.203893398,0.209186358,0.132037258,1669.0,63.77531525,6.712280702,-1.780292398,5.819980507,87.80253411,2238.91945,0.251529041,0.199679705,0.117802966,513.0,19.6025984,4.33958333,,4.57231875,0
J. C. Ramirez,100.5,,101.1,500724,6.055263158,-1.756842105,5.917105263,88.27368421,1316.828571,0.378972557,0.286442346,0.153339544,38.0,0.967167218,6.003485255,-1.559088472,6.069731903,78.930563,2396.753351,0.271026866,0.186536702,0.124897519,373.0,9.493509799,,,,,,,,,,,6.45079929,-2.013121132,5.941794872,96.67524315,2151.812099,0.234253956,0.372560956,0.171264057,1131.0,28.78595062,6.417105263,-1.71078125,5.917631579,95.77047697,2054.924155,0.233992386,0.235712313,0.137727527,1216.0,30.94935098,6.11471343,-1.816720751,6.035559351,87.81315115,2215.46303,0.205379137,0.299045787,0.142018142,1171.0,29.80402138,3.82475685,,5.32952303,1
Sandy Alcantara,101.5,,101.1,645261,6.004244306,-2.12116816,6.023301172,91.15906272,1993.348202,0.266154161,0.220915288,0.115290163,2902.0,21.43754155,5.454318618,-2.223071017,6.036372361,82.89232246,2444.827655,0.426553232,0.232262643,0.117960585,521.0,3.84871094,,,,,,,,,,,5.89636954,-2.228863972,5.994670994,97.15671289,2271.578978,0.249656005,0.262414616,0.123536722,3389.0,25.03508902,5.911667993,-2.238878876,5.987792208,96.96533263,2336.022269,0.248233338,0.278934477,0.125787982,3773.0,27.87175888,5.800033887,-2.197533875,5.968600949,88.86395664,2385.987076,0.320745951,0.261205431,0.125375643,2952.0,21.80689961,4.34328711,,4.13466737,1
Robert Suarez,101.5,99.7,100.9,663158,6.756284153,-1.44489071,5.974234973,89.65491803,1788.497268,0.164529603,0.169404643,0.142432255,366.0,21.30384168,6.636363636,-1.333333333,5.982424242,80.27575758,2134.46875,0.159722771,0.172294564,0.087286536,33.0,1.920838184,6.661111111,-1.482083333,6.000277778,93.7,2210.152778,0.125097771,0.169680209,0.107204848,72.0,4.190919674,6.7015625,-1.2696875,6.177421875,98.20412946,2367.718121,0.172584082,0.196152126,0.132221857,896.0,52.15366705,6.796307692,-1.309815385,6.077876923,97.26738462,2275.913846,0.170471109,0.176414818,0.149996246,325.0,18.91734575,6.673076923,-1.308846154,6.008076923,86.47692308,2085.884615,0.140164738,0.156238969,0.128250356,26.0,1.51338766,3.29587054,6.0,3.63261538,0
Lou Trivino,100.4,96.3,100.8,642152,6.410909091,-1.553030303,5.93669697,87.35363636,1702.142857,0.271888181,0.242045298,0.119524129,330.0,7.213114754,6.155163043,-1.344146341,6.16097561,78.97506775,2442.76087,0.399489423,0.23537641,0.113432713,369.0,8.06557377,6.198647506,-1.543016807,6.109739496,92.25243697,2399.707379,0.256386836,0.211440392,0.131976051,1190.0,26.01092896,6.357734375,-1.508771384,6.025474339,96.5592535,2075.317969,0.271881968,0.228775898,0.133822755,1286.0,28.10928962,6.405636208,-1.538481229,5.985059727,96.39616041,2067.776923,0.235525964,0.245036634,0.13030181,1172.0,25.61748634,6.243859649,-1.613859649,6.043464912,81.89561404,2557.192982,0.139245979,0.168007283,0.095404604,228.0,4.983606557,3.8407465,4.04756303,4.40383959,1
Walker Buehler,100.0,96.6,100.8,621111,6.291437309,-1.23648318,5.576330275,90.87859327,1570.513761,0.206608789,0.157147265,0.201929317,327.0,3.303030303,,,,,,,,,,,6.194528438,-1.084082073,5.669200864,92.04319654,2625.637347,0.301770014,0.208679039,0.154781646,1389.0,14.03030303,6.32156476,-0.909625493,5.856795883,96.06841875,2444.895683,0.201113749,0.21612806,0.155073119,4566.0,46.12121212,6.183457844,-1.281024546,5.650096051,96.03052295,2322.263607,0.208662808,0.164988398,0.207902866,937.0,9.464646465,5.717815345,-1.231560468,5.751352406,86.99635891,2828.906706,0.242882885,0.180655373,0.130512778,769.0,7.767676768,3.93158125,4.55680346,4.76947705,1
Dustin May,101.2,96.4,100.7,669160,6.51,-2.4278,5.3454,90.192,1922.68,0.185439357,0.190812334,0.139535819,50.0,2.777777778,6.362934363,-2.553938224,5.40980695,85.83359073,3111.405405,0.306671111,0.245321992,0.281601802,259.0,14.38888889,6.33580786,-2.623406114,5.546637555,92.41026201,2665.617582,0.325007157,0.325376357,0.166249804,458.0,25.44444444,6.51474359,-2.271602564,5.761923077,97.91730769,2350.211538,0.230512609,0.278042691,0.211992439,156.0,8.666666667,6.43340935,-2.557696693,5.507685291,97.28198404,2401.493151,0.210433088,0.24734099,0.240717158,877.0,48.72222222,,,,,,,,,,,3.28269231,3.98973799,3.41801596,1
Nate Jones,98.5,,100.4,518858,5.72,-2.507,5.947,88.72,2002.4,0.229975844,0.342086734,0.138568074,10.0,0.680735194,,,,,,,,,,,,,,,,,,,,,,,,,,,,,,,5.852819333,-2.067380952,5.933707483,97.55136054,2448.51986,0.238286879,0.478448887,0.125184887,882.0,60.04084411,5.500347222,-2.126325823,5.865632582,88.97209705,2294.806763,0.202075881,0.455446993,0.143722788,577.0,39.27842069,,,2.84863946,1
Zack Britton,98.0,,100.0,502154,,,,,,,,,,,,,,,,,,,,,,,,,,,,,,,5.581132075,0.633518519,6.512962963,95.65,2153.169811,0.213087743,0.126746775,0.14549369,54.0,1.150159744,5.528335358,0.846142169,6.536857831,95.61554217,2039.559428,0.26305306,0.264301576,0.170549864,4150.0,88.39190628,5.303781513,1.146820084,6.29541841,81.83389121,2557.790598,0.370527912,0.392796154,0.274185152,478.0,10.18104366,2.35,,4.38445783,1
Justin Wilson,98.9,95.6,99.9,458677,,,,,,,,,,,5.255294118,1.519186047,6.525813953,82.17906977,2259.787879,0.239297525,0.205032079,0.174386084,86.0,1.462585034,5.754714475,1.32818543,6.477033113,90.64668874,2411.088356,0.259198262,0.372583647,0.159527775,1510.0,25.68027211,5.903290283,1.202270635,6.51087757,95.2087757,2370.390943,0.233883661,0.415560741,0.16719758,3259.0,55.42517007,5.778517398,1.300753012,6.514427711,95.53237952,2304.03653,0.239491086,0.261826234,0.166075191,664.0,11.29251701,5.517222222,1.581218837,6.324792244,84.50831025,2497.626335,0.319091774,0.430161028,0.158676903,361.0,6.139455782,3.6912243,4.95331126,4.36762048,1
Corbin Burnes,99.0,98.5,99.8,669203,6.551854905,-0.845251443,5.749851608,89.83124485,1995.447848,0.184346868,0.181682747,0.10314355,1213.0,9.385639121,6.380150517,-0.530047015,6.117574048,80.83267513,2821.485163,0.236824434,0.209941975,0.097025571,2127.0,16.45775302,6.454226909,-0.761812309,5.938456307,94.84059844,2696.720327,0.158877303,0.186248039,0.119660421,5882.0,45.51222532,6.2930839,-1.024829932,6.033185941,95.31780045,2616.653061,0.234406565,0.213921349,0.13693726,882.0,6.824512535,6.508375635,-0.759517766,5.955059222,96.12732657,2564.620543,0.154818408,0.205482487,0.111691429,1182.0,9.145775302,6.288461538,-0.893852259,5.897069597,87.34664225,2854.5,0.331793154,0.239658676,0.140300607,1638.0,12.67409471,3.68219955,3.65940156,3.67267343,0
Chris Sale,100.5,,99.8,519242,6.068464868,3.210395778,5.109914248,86.48604881,2064.948701,0.270762503,0.198596299,0.185749463,3032.0,20.09943653,,,,,,,,,,,,,,,,,,,,,6.066474912,3.196212848,5.405659955,94.52754874,2356.157239,0.251372968,0.164954677,0.186437066,3129.0,20.7424594,6.122746879,3.132571429,5.308236607,94.14203125,2252.128783,0.259322443,0.226844048,0.185613559,4480.0,29.69837587,5.510965111,3.165789829,5.354336184,79.41167867,2382.750171,0.251831851,0.192538118,0.172763052,4444.0,29.45972821,5.97245126,,5.65796875,1
Aaron Sanchez,99.0,94.7,99.7,592717,6.376085504,-1.833488993,5.75311541,87.98945964,1871.848627,0.323586871,0.279254267,0.21111338,1499.0,14.07247465,6.014959432,-1.684643399,5.96375822,78.4143652,2783.267141,0.474220606,0.255441958,0.223909386,1977.0,18.55989486,6.282352941,-1.565882353,6.155882353,92.44705882,2197.823529,0.209866905,0.176212188,0.10332345,17.0,0.159594442,6.437785978,-1.714952171,5.905371597,93.90857248,2263.050703,0.322109325,0.274750158,0.234549957,2718.0,25.51633496,6.447629848,-1.62914783,5.962646926,94.52744123,2244.224903,0.334806921,0.254326296,0.227517595,4424.0,41.53210665,6.147058824,-1.665294118,6.075294118,87.35882353,2366.916667,0.314479028,0.161984476,0.09760364,17.0,0.159594442,5.09142752,2.25294118,5.17255877,0
Justin Anderson,99.9,,99.6,605121,,,,,,,,,,,,,,,,,,,,,,,,,,,,,,,6.457463884,-2.447913323,5.937736758,95.68089888,2284.850722,0.233051865,0.209798891,0.120435363,623.0,32.16313887,6.377407407,-2.345592593,6.030851852,96.66296296,2286.974074,0.25354135,0.167889315,0.13618684,270.0,13.93908105,5.98256705,-2.610431034,5.871954023,85.10057471,2329.283447,0.221350168,0.177060547,0.116495708,1044.0,53.89778007,4.21910112,,2.93703704,1
Chad Kuhl,99.6,,99.5,641771,6.520045558,-2.482013423,5.836129754,88.55167785,1704.25576,0.269887509,0.239270134,0.16109494,447.0,8.511043412,,,,,,,,,,,,,,,,,,,,,6.366694561,-2.378253968,6.084285714,95.36541353,2167.073887,0.245895014,0.250514939,0.17507312,1197.0,22.79131759,6.40735509,-2.429663028,5.98046037,94.66601804,2114.749878,0.276040419,0.233136731,0.18005625,2107.0,40.11805027,5.882844444,-2.393766347,5.889102005,88.04036617,2478.026087,0.249196034,0.217815446,0.130055617,1147.0,21.83929931,4.23458647,,4.83398196,1
Angel Zerpa,98.7,88.5,99.4,672582,5.629333333,2.1652,5.651288889,87.25511111,1538.915556,0.194413036,0.190795047,0.167616247,225.0,15.66852368,,,,,,,,,,,,,,,,,,,,,5.508779443,2.395074946,5.510021413,94.54646681,2053.269807,0.231592751,0.201576791,0.192304188,467.0,32.52089136,5.510075567,2.587783375,5.289974811,95.18916877,2048.501259,0.192928637,0.15446919,0.13204969,397.0,27.64623955,5.418443804,2.521354467,5.438587896,85.87262248,2465.051873,0.212485699,0.176113004,0.160977937,347.0,24.1643454,4.15353319,,4.21083123,0
Tommy Kahnle,100.6,97.9,99.4,592454,6.652913753,-2.020506135,5.799777607,89.44240798,1436.615144,0.268117354,0.33446727,0.205295653,1304.0,35.37710255,,,,,,,,,,,,,,,,,,,,,6.623224181,-1.651044701,5.938342541,96.838222,2285.923077,0.240944217,0.339774406,0.197879373,1991.0,54.01519262,6.663333333,-2.016854839,5.8775,96.94274194,2308.85,0.245611339,0.339380993,0.219091342,124.0,3.364080304,6.087698413,-1.868373016,5.766865079,85.32738095,2436.198758,0.194463867,0.291598377,0.174623367,252.0,6.836679327,3.761778,,2.45725806,1
Ken Giles,102.0,,99.4,571704,,,,,,,,,,,,,,,,,,,,,,,,,,,,,,,5.596702047,-2.077488739,6.183126877,97.47072072,2376.124667,0.274778021,0.251353004,0.167788797,2664.0,54.55662503,5.6,-2.292962963,6.037407407,96.74074074,2263.740741,0.248069469,0.276764477,0.209790969,27.0,0.552938767,5.070969245,-2.214307339,6.120087156,86.59743119,2234.235732,0.357589302,0.245524281,0.180431998,2180.0,44.64468564,4.52927928,,2.65925926,1
Luis Severino,101.3,94.5,99.3,622663,6.464235501,-2.16227193,5.793912281,87.92307018,1726.856134,0.276417566,0.236180121,0.157995986,1140.0,13.05542831,,,,,,,,,,,6.210344828,-2.331034483,6.042413793,91.79482759,2157.0,0.246867857,0.213514367,0.162645998,58.0,0.664223546,6.156509204,-2.1829692,6.025608243,97.21520053,2327.261315,0.237622361,0.241947446,0.172408082,4513.0,51.68346312,,,,,,,,,,,5.8628685,-2.357398213,5.837567031,88.34922211,2663.999576,0.236250504,0.249245584,0.178503546,3021.0,34.59688502,4.08479947,2.70517241,,1
Dustin McGowan,98.9,,99.3,430661,6.988764045,-2.125561798,6.118539326,87.85786517,1825.966102,0.232373264,0.35849965,0.174233109,178.0,6.532110092,,,,,,,,,,,,,,,,,,,,,6.683264463,-2.130102881,6.170565844,94.57808642,2296.216441,0.233955432,0.377976331,0.145409641,972.0,35.66972477,6.73258427,-2.124405594,6.18006993,94.45426573,2151.574074,0.246220502,0.398096701,0.171288969,715.0,26.23853211,6.3904474,-2.217789855,6.169528986,87.19528986,2282.154206,0.18780797,0.394282376,0.153863255,828.0,30.3853211,4.32191358,,4.84573427,0
Bo Schultz,100.4,94.1,99.2,544759,6.363636364,-2.772727273,5.898181818,88.35454545,1828.090909,0.15666989,0.214387076,0.153611079,11.0,1.229050279,,,,,,,,,,,6.394610778,-2.683809524,5.894880952,91.55833333,2403.439024,0.166558895,0.173780816,0.185756225,168.0,18.77094972,6.435395189,-2.419111111,6.118410256,96.38324786,2320.020833,0.222529888,0.262513985,0.207668159,585.0,65.36312849,6.478947368,-2.566842105,5.910526316,96.33684211,2255.894737,0.161860528,0.135648755,0.129677964,19.0,2.122905028,6.213392857,-2.6225,5.950892857,86.33035714,2022.961538,0.209458992,0.214305919,0.181185056,112.0,12.51396648,4.01675214,2.54166667,2.86315789,1
Michael Fulmer,99.2,94.0,98.9,605242,6.197348799,-1.755748553,6.086757651,87.44921423,1737.431177,0.234876765,0.219198849,0.178998062,1209.0,17.06903854,5.8,-1.275,6.461666667,78.48333333,2547.916667,0.476731295,0.154831286,0.082553931,12.0,0.169419737,6.032258065,-1.350008251,6.483374587,88.91542904,2408.899687,0.178713985,0.184679292,0.182196657,1212.0,17.11139348,6.431562974,-1.188892246,6.476636455,95.6897281,2238.20203,0.214964537,0.244693365,0.213282055,1986.0,28.03896654,6.438574713,-1.341831956,6.326111111,95.66326905,2090.714154,0.217044611,0.2297753,0.181800267,2178.0,30.74968234,5.86185567,-1.074320988,6.293971193,85.74691358,2517.035461,0.176538865,0.176488812,0.14143911,486.0,6.861499365,3.5102719,5.08457096,3.23673095,1
Collin Snider,97.0,95.8,98.9,676092,6.025,-2.4375,4.874166667,89.525,2267.083333,0.113818037,0.111528635,0.179922121,12.0,1.174168297,,,,,,,,,,,6.14,-3.402,5.143125,91.14375,2577.3,0.215594556,0.168195185,0.09767673,80.0,7.82778865,6.057142857,-3.239387755,5.116938776,94.64897959,2509.306122,0.138443731,0.364722544,0.111321683,49.0,4.794520548,5.983140878,-2.659745958,4.987505774,95.8886836,2443.101852,0.180193623,0.479458298,0.13937282,433.0,42.36790607,6.172606383,-2.455292553,5.101941489,85.99867021,2702.970588,0.189369802,0.368401114,0.142146241,376.0,36.79060665,2.35102041,4.65625,3.0113164,0
Derek Law,98.5,96.4,98.9,571882,6.583615819,-1.058135593,6.240028249,85.79576271,1941.228814,0.261965613,0.33959887,0.11568615,354.0,6.776416539,6.164046392,-0.462007722,6.592561133,76.9958816,2079.135948,0.361906946,0.365949316,0.135053461,777.0,14.87366003,6.468995098,-1.263762255,6.407242647,91.57463235,2331.545679,0.165805622,0.256547511,0.09565721,816.0,15.6202144,6.487758723,-0.805415929,6.480572271,94.02519174,2129.431872,0.229839931,0.32011572,0.143983521,1695.0,32.44640123,6.546886447,-1.217582418,6.40010989,94.71794872,2109.066176,0.172778478,0.273368183,0.107136813,273.0,5.225880551,6.258269525,-0.826218487,6.44723453,85.25981665,2250.441176,0.300874446,0.318637415,0.11592069,1309.0,25.05742726,4.47480826,4.82536765,4.18205128,0
Robert Gsellman,97.8,88.3,98.8,607229,6.143133803,-1.539278169,6.013697183,86.01954225,1671.514134,0.260893938,0.154413061,0.195080754,568.0,9.439920226,5.416826923,-1.539455128,6.099230769,81.01330128,2666.607143,0.443851011,0.144855132,0.173299724,624.0,10.37061659,,,,,,,,,,,6.036797274,-1.473424191,6.274446337,93.58500852,2116.701365,0.237898862,0.163491227,0.187531545,587.0,9.755692205,5.984695539,-1.540110713,6.132885054,93.78847281,2135.95832,0.278596231,0.159979195,0.233347289,3071.0,51.03872362,5.907540703,-1.605184233,6.065287061,89.45192802,2297.134199,0.266051817,0.152313591,0.174264637,1167.0,19.39504737,4.21499148,,5.01152719,0
James Paxton,101.2,94.1,98.8,572020,6.213443396,2.031556604,6.471650943,87.09764151,1926.610048,0.280042941,0.434461087,0.321720568,424.0,3.881006865,,,,,,,,,,,6.170629371,2.588564168,6.058081321,88.84250318,2081.378837,0.230916799,0.240138701,0.232107465,1574.0,14.40732265,6.275506608,2.340117354,6.292195981,95.63670236,2220.650361,0.263614321,0.364989932,0.284279324,6817.0,62.39816934,6.166666667,2.196756757,6.533963964,92.23873874,2079.863636,0.20597146,0.42610746,0.10181337,111.0,1.016018307,,,,,,,,,,,5.56329764,5.25749682,6.56126126,1
Andrew Kittredge,97.2,,98.6,552640,6.242682927,-1.869756098,5.981341463,85.17317073,1182.168831,0.358333071,0.313892234,0.183173413,82.0,2.708952759,,,,,,,,,,,,,,,,,,,,,6.598039216,-1.740359477,5.920980392,94.01715686,2314.44281,0.225674646,0.31535427,0.165658986,612.0,20.21803766,6.604257642,-1.735960699,5.845786026,95.07576419,2343.54476,0.264416866,0.382257966,0.146396177,916.0,30.26098447,6.287297107,-1.963726182,5.762357092,87.05744531,2686.17623,0.331418953,0.440927154,0.168079731,1417.0,46.81202511,3.18284314,,3.52423581,1
Robbie Ray,98.7,,98.6,592662,6.132,2.526820702,6.180979667,86.65563771,1854.542471,0.328024389,0.310198657,0.232431514,541.0,2.598338216,5.908333333,2.435833333,6.1125,78.925,1975.083333,0.167648622,0.224720365,0.467937933,12.0,0.057634119,,,,,,,,,,,6.303254526,2.300806673,6.1570579,93.97431796,2282.07884,0.266880239,0.292454185,0.197330053,10190.0,48.94097306,6.282193495,2.503015283,6.02551012,93.60012392,2238.298783,0.303346419,0.276798095,0.169704769,2421.0,11.62768359,6.128797468,2.435745499,6.107369341,85.74450271,2147.219268,0.323642822,0.290751451,0.188980846,5721.0,27.47706642,4.72568204,,4.99987608,1
Lance McCullers,99.0,,98.6,621121,5.84604811,-1.802659817,5.422442922,88.38984018,1799.799312,0.255779224,0.189146965,0.178511855,876.0,11.61495625,,,,,,,,,,,,,,,,,,,,,6.16577119,-1.651850485,5.393756345,94.6893401,2335.737308,0.249299752,0.245836691,0.197394879,2167.0,28.73243172,5.989270009,-1.612568162,5.485347405,94.26437995,2275.657872,0.230715921,0.206049574,0.149365111,1137.0,15.07557677,,,,,,,,,,,4.3106599,,4.33562005,1
JT Brubaker,96.6,,98.5,664141,5.910394265,-2.537956989,6.041469534,87.29354839,1866.795699,0.190038397,0.122617371,0.101341674,279.0,5.440717629,5.693083573,-2.280144092,6.310994236,79.9610951,2816.108069,0.202889663,0.13407793,0.094009717,694.0,13.53354134,,,,,,,,,,,5.79726776,-2.381841746,6.243342428,92.93533424,2185.309686,0.180493834,0.132291767,0.108420799,733.0,14.29407176,5.787713311,-2.387281001,6.146478953,93.30125142,2280.012514,0.1885369,0.150052928,0.093595433,1758.0,34.28237129,5.78634997,-2.360414663,6.18703125,86.99134615,2647.795072,0.176610936,0.148104914,0.09425766,1664.0,32.44929797,3.66466576,,5.19874858,1
Keone Kela,99.7,,98.5,605309,6.472847682,-0.977792208,6.324285714,90.06298701,1683.106667,0.254279053,0.538783727,0.158414766,154.0,3.953786906,6.206680585,-1.007255172,6.443896552,83.38234483,2305.387695,0.258794972,0.626878117,0.121762093,1450.0,37.22721438,,,,,,,,,,,6.53001352,-0.863706013,6.616106904,96.33376392,2259.276846,0.267507868,0.617740249,0.126019151,2245.0,57.63799743,6.265116279,-0.536521739,6.487173913,96.02173913,2176.219512,0.285259882,0.366461866,0.176114395,46.0,1.181001284,,,,,,,,,,,3.36623608,,2.47826087,1
Chad Green,99.4,94.0,98.4,643338,6.303030303,-1.883529412,6.045882353,86.35294118,1678.65625,0.209888138,0.268631575,0.154765074,34.0,0.521712444,6.631192661,-1.78617737,6.141192661,84.55321101,2566.721713,0.164688168,0.278780879,0.087389454,327.0,5.017646156,6.389108911,-2.038217822,5.953960396,90.45544554,2288.811224,0.22411839,0.198781843,0.154447043,202.0,3.099585699,6.410959517,-1.933989267,6.09769678,95.87884615,2467.878442,0.251698029,0.341447192,0.154881992,4472.0,68.62053092,6.516243655,-1.92213198,6.012385787,94.86040609,2387.471795,0.296820054,0.343629373,0.138971783,197.0,3.022863281,6.076736494,-1.920550661,6.063887665,86.24185022,2209.321168,0.197833576,0.240525712,0.138864415,908.0,13.93279116,3.52115385,3.54455446,3.53959391,1
Wandy Peralta,99.0,,98.4,593974,5.791853933,1.305154062,5.7206676,87.97105509,2169.695082,0.226921417,0.682444469,0.163501426,2143.0,35.06217277,,,,,,,,,,,,,,,,,,,,,5.518253275,1.370851434,6.21410947,95.93518679,2138.049825,0.275116801,0.574379337,0.158990462,1151.0,18.83180628,5.625697599,1.243729032,6.071974194,95.39032258,2170.427644,0.311429856,0.633462233,0.146161913,1550.0,25.35994764,5.728050713,1.57876183,5.871403785,87.36119874,2230.802224,0.317912258,0.596507565,0.143266937,1268.0,20.7460733,3.06481321,,3.00967742,0
Shelby Miller,99.3,92.0,98.3,571946,6.672151899,-1.407295597,5.471132075,86.7245283,1820.666667,0.485703039,0.380586964,0.133648799,159.0,2.961445334,6.261231884,-1.393241379,5.546310345,78.89586207,2243.229323,0.348318133,0.298136139,0.158213822,580.0,10.80275657,6.637126866,-1.595193868,5.430946799,88.13624887,2095.733663,0.270529361,0.322472515,0.171436661,1109.0,20.65561557,6.873151951,-1.371852222,5.529171243,94.24418372,2292.708224,0.266408947,0.328131139,0.145383891,2003.0,37.30676104,6.806013986,-1.600987821,5.39868065,94.41251691,2262.415308,0.258471959,0.248131757,0.157173595,1478.0,27.5284038,,,,,,,,,,,5.05581628,3.86375113,3.88748309,1
David Phelps,97.6,97.0,98.3,475479,5.52375,-2.729565217,6.053664596,83.43726708,2002.16875,0.254392234,0.166171402,0.1070087,161.0,3.726851852,,,,,,,,,,,5.564554795,-2.88909396,5.834731544,91.51342282,2373.536878,0.214709043,0.197431025,0.119126069,596.0,13.7962963,5.598487032,-2.718586724,5.902191292,93.11905782,2273.883117,0.247739343,0.180576066,0.115377556,1401.0,32.43055556,5.591312559,-2.709189189,5.91277726,92.13252563,2170.412488,0.299590261,0.198293077,0.123463405,1073.0,24.83796296,5.464172336,-2.811779279,5.901103604,88.49617117,2284.179545,0.234297416,0.192097219,0.115006715,444.0,10.27777778,4.48094218,5.48657718,6.16747437,1
Taijuan Walker,98.9,94.2,98.2,592836,,,,,,,,,,,5.810194175,-2.024128329,6.317118644,75.67639225,2198.381242,0.409745155,0.232624088,0.223012277,826.0,10.45304986,5.977338129,-2.099796894,6.376642772,87.87825568,2244.195787,0.271675453,0.238676738,0.189411283,837.0,10.59225513,6.318698482,-2.010444828,6.415461024,94.35592745,2118.426519,0.297362453,0.22528872,0.175998718,4631.0,58.60541635,6.300813008,-2.044552846,6.290406504,94.45894309,2083.795082,0.286711384,0.197997122,0.161479882,246.0,3.113135915,,,,,,,,,,,4.54407255,6.32174432,3.74105691,1
Adam Ottavino,98.5,94.4,98.2,493603,6.995302013,-2.771510067,5.35738255,87.98187919,1873.54698,0.191866807,0.156248318,0.135785015,298.0,3.64436835,,,,,,,,,,,6.663375796,-2.81178515,5.473807267,87.84897314,2641.667233,0.289743998,0.267425261,0.171097188,633.0,7.741225388,6.856470588,-2.932217899,5.594293126,94.62062257,2334.755556,0.211515569,0.703567632,0.161135942,771.0,9.428885899,6.894414353,-2.7765722,5.486966937,93.78866397,2262.204476,0.233741804,0.567312787,0.182808215,2964.0,36.24801272,6.55,-3.618157895,5.691710526,83.83026316,2684.983871,0.377544279,0.840872104,0.203825992,76.0,0.929436224,3.87937743,6.55102686,4.41133603,0
Matthew Liberatore,97.8,94.6,98.2,669461,6.235233161,1.116119403,6.203432836,86.81094527,1604.145078,0.167400694,0.293519788,0.128544376,201.0,8.445378151,6.3,0.889246575,6.427123288,75.90844749,2824.712264,0.161945717,0.320243941,0.112717375,438.0,18.40336134,6.241463415,0.825487805,6.429146341,91.91463415,2507.231707,0.123679414,0.142258263,0.101278265,82.0,3.445378151,6.347853535,0.90884901,6.431992574,94.09356436,2121.280303,0.155377079,0.341621669,0.113867964,808.0,33.94957983,6.380725624,0.857964989,6.390919037,94.11509847,2088.869863,0.145118821,0.313062853,0.12090679,457.0,19.20168067,6.32025641,0.971446701,6.350101523,86.85812183,2647.507692,0.170361587,0.255544499,0.125412256,394.0,16.55462185,3.70643564,2.68536585,4.08490153,0
Joe Ross,94.4,,98.2,605452,6.392038217,-3.468522013,5.891163522,86.78522013,1931.230769,0.242261019,0.239577739,0.180984597,318.0,7.884949169,,,,,,,,,,,,,,,,,,,,,6.336956522,-3.13326087,5.915434783,92.08695652,1981.173913,0.158266576,0.164992314,0.126959425,46.0,1.140590131,6.307159791,-3.394482118,5.996172782,93.01281932,1984.98001,0.259050491,0.230879045,0.175851967,2153.0,53.38457724,6.171554054,-3.399492084,5.906866755,84.49228232,1857.266421,0.309651406,0.215536952,0.157424437,1516.0,37.58988346,2.31304348,,5.18718068,1
Kyle Wright,98.4,,98.2,657140,6.485423729,-1.890983051,5.643881356,87.88084746,1697.771186,0.273301652,0.181205311,0.175512887,590.0,13.03867403,,,,,,,,,,,,,,,,,,,,,6.440515464,-1.869608247,5.606659794,94.72061856,2393.717975,0.281155184,0.170816201,0.204051274,970.0,21.43646409,6.545730028,-1.828302752,5.515642202,93.97082569,2251.695772,0.289050558,0.201754836,0.213142564,1090.0,24.08839779,6.171568627,-1.839705882,5.794980392,88.47196078,2452.308617,0.36008552,0.24646521,0.177206825,510.0,11.27071823,3.67938144,,4.22917431,0
Dan Altavilla,100.4,,98.2,656186,,,,,,,,,,,,,,,,,,,,,,,,,,,,,,,5.641598547,-2.208955495,5.319518619,96.73760218,2377.392371,0.223636854,0.20563405,0.193999637,1101.0,56.28834356,5.648148148,-2.296296296,5.169259259,95.65555556,2350.37037,0.186816179,0.302300769,0.15251547,27.0,1.380368098,5.334461911,-2.264190821,5.343635266,88.43804348,2729.560317,0.222814474,0.179160874,0.179264107,828.0,42.33128834,3.66239782,,2.54444444,1
Tyson Ross,97.7,95.5,98.1,475115,5.551685393,-1.69,6.73673913,88.24565217,2193.632184,0.269305656,0.260999768,0.156690418,92.0,1.247965274,,,,,,,,,,,5.467472527,-1.911462882,6.65441048,89.5919214,2511.964602,0.220425067,0.237171147,0.120126582,458.0,6.21269669,5.578689218,-1.800151261,6.744747899,91.56592437,2524.247563,0.239417243,0.268481591,0.137032976,2380.0,32.28431905,5.635442128,-1.611785206,6.764274538,92.82332859,2433.365022,0.265691311,0.288638748,0.133305125,1406.0,19.07216495,5.185885886,-1.671683201,6.738263889,85.78316799,2553.020833,0.259192139,0.284533692,0.131586901,3024.0,41.02007596,6.13407563,5.9080786,5.27667141,0
Yonny Chirinos,97.0,,98.1,630023,,,,,,,,,,,,,,,,,,,,,,,,,,,,,,,6.164166667,-0.420666667,6.575583333,94.13333333,2319.2,0.243157048,0.47639884,0.139770495,120.0,3.442340792,6.187331954,-0.32139607,6.582063082,93.72078594,2259.556877,0.238831906,0.360095572,0.113524791,1934.0,55.47905909,6.216578947,-0.095684211,6.710723684,87.59723684,2307.27141,0.207218562,0.355029447,0.131288848,760.0,21.80149168,2.86666667,,4.37921406,1
Dinelson Lamet,98.9,,98.1,659275,6.187912088,-1.136373626,6.046153846,89.6021978,1768.648352,0.224516847,0.157660088,0.150412538,91.0,4.975396391,5.333333333,-1.101333333,6.186,81.88,2458.866667,0.191485422,0.190483095,0.155140489,15.0,0.820120284,,,,,,,,,,,5.95545657,-1.159910913,6.105434298,94.99153675,2401.510022,0.21737646,0.208065046,0.140189129,449.0,24.54893384,5.886323268,-1.161936057,5.940603908,94.62628774,2377.428064,0.207958597,0.203581761,0.127175689,563.0,30.781848,5.467229255,-1.212390999,6.05278481,85.67707454,2543.02568,0.179382515,0.20568996,0.178316407,711.0,38.87370148,3.90846325,,3.47371226,1
Tyler Glasnow,100.9,,98.1,607192,7.422181818,-2.102527076,5.748880866,89.88772563,1695.869091,0.27255677,0.284541527,0.209098765,277.0,4.124478856,7.056349206,-1.726588542,6.064622396,81.95358073,2801.93254,0.366642743,0.380318505,0.244864359,1536.0,22.8707564,,,,,,,,,,,7.569134188,-1.752107299,5.961733299,96.35891153,2346.331939,0.268685695,0.357340351,0.188257005,3877.0,57.72781418,7.567245658,-2.223200993,5.560818859,93.88163772,2148.436725,0.250212063,0.260435775,0.160421008,403.0,6.000595593,7.124558587,-1.703980738,6.134927769,86.80497592,2813.308186,0.334544499,0.159693878,0.09844263,623.0,9.276354973,4.54108847,,4.21836228,1
Michael Pineda,99.1,97.2,98.0,501381,6.542167102,-2.350572917,6.664557292,88.95976563,1877.459816,0.264323041,0.226893159,0.194206336,768.0,10.80472707,,,,,,,,,,,6.529672897,-2.462824074,6.411203704,93.5337963,2105.768322,0.270973413,0.2332846,0.230008444,432.0,6.077658976,6.456464968,-2.432122268,6.525768134,94.08859677,2092.862992,0.278231548,0.232500038,0.184508787,3157.0,44.41474395,6.543037975,-2.459625,6.365125,94.68375,2078.291139,0.246869396,0.218582567,0.195046205,80.0,1.125492403,6.508770615,-2.470445526,6.472205167,85.89045301,1994.328358,0.287441664,0.234158922,0.195946671,2671.0,37.5773776,5.01140323,3.6662037,3.31625,1
Spencer Turnbull,97.4,,98.0,605513,6.202173913,-1.721086957,5.582717391,87.05380435,1844.606557,0.224206316,0.157923385,0.121471877,184.0,4.714322316,5.733252427,-1.787330097,5.761917476,80.31917476,2586.461165,0.273725499,0.156844361,0.143846914,412.0,10.55598258,,,,,,,,,,,6.139988116,-1.68792038,5.729821747,93.6573975,2423.305407,0.2219506,0.179561034,0.12567995,1683.0,43.1206764,6.283214286,-1.70725,5.635607143,94.34357143,2214.345281,0.219364456,0.169860588,0.11054686,840.0,21.52190623,5.919515306,-1.799872449,5.617206633,86.29961735,2462.896104,0.261079926,0.174707152,0.120247629,784.0,20.08711248,3.7426025,,3.65642857,1
Jimmy Nelson,97.8,,97.9,519076,6.277692308,-1.879626866,6.030149254,86.93656716,1764.566929,0.654769666,0.378766115,0.295337159,134.0,1.418589879,,,,,,,,,,,,,,,,,,,,,6.392823779,-1.468707654,6.290932664,93.84638227,2329.839517,0.355625218,0.352413025,0.217373269,2391.0,25.3123015,6.237310385,-1.646257934,6.221128102,93.86231968,2150.314252,0.323118559,0.319384222,0.218097169,3466.0,36.69278001,5.921724524,-1.677023876,6.113686841,87.52187674,2348.736842,0.324133915,0.349777745,0.207951008,1801.0,19.06627144,3.95361773,,4.03768032,1
Jesus Tinoco,97.6,,97.8,622786,,,,,,,,,,,5.703731343,-1.239328358,6.194029851,83.64776119,2446.6,0.440677318,0.229255735,0.213682779,134.0,9.977661951,,,,,,,,,,,5.886904762,-1.390952381,5.952142857,95.07857143,2306.357143,0.318043629,0.322391736,0.350779069,84.0,6.25465376,5.806006006,-1.418978979,6.001951952,94.47792793,2258.196697,0.290335497,0.240462292,0.256361653,666.0,49.5904691,5.826579521,-1.755381264,5.704422658,87.4577342,2366.588106,0.376016032,0.312147122,0.345183079,459.0,34.17721519,2.52142857,,3.32207207,0
Chris Bassitt,97.4,,97.7,605135,6.229323308,-1.422657343,5.81020979,83.75174825,1968.849624,0.260181159,0.223124266,0.127348189,143.0,7.440166493,5.886785714,-1.493933333,5.916866667,71.75866667,2303.967742,0.407286268,0.186121824,0.139560402,300.0,15.60874089,,,,,,,,,,,6.114878049,-1.589862069,5.800413793,93.89218391,2187.293399,0.278659224,0.232831656,0.159164911,435.0,22.6326743,6.139774557,-1.537594554,5.809304085,93.35597579,2130.708065,0.267327178,0.213200273,0.162787647,661.0,34.39125911,5.926857143,-1.779425587,5.697859008,85.81644909,2188.993103,0.258425599,0.181554325,0.154484825,383.0,19.92715921,3.50781609,,4.34402421,1
Trevor May,98.7,,97.7,543507,6.775853659,-0.91117506,5.952134293,85.79040767,1894.567237,0.244003644,0.183259249,0.143508581,417.0,15.42159763,6.341059603,-0.981198257,5.844618736,78.07320261,2340.970982,0.333645364,0.187007233,0.143736843,459.0,16.97485207,,,,,,,,,,,6.832581818,-1.067259684,5.772912482,94.03515065,2322.637026,0.231224093,0.185855025,0.150078169,1394.0,51.55325444,6.704313725,-1.032382813,5.8290625,92.43007813,2127.885827,0.218127815,0.1639422,0.145334975,256.0,9.467455621,6.381325301,-1.124850299,5.816826347,85.51556886,2115.956044,0.226061247,0.141807847,0.13489438,167.0,6.176035503,4.66484935,,5.26992187,1
Eddie Butler,97.8,94.2,97.4,572750,5.707472527,-2.052819957,6.122603037,87.89826464,1672.826374,0.307521689,0.466360875,0.235915775,461.0,11.00238663,5.217922078,-1.925064267,6.291670951,81.681491,2506.218837,0.283974478,0.562535963,0.182869552,389.0,9.284009547,5.470945946,-1.626013514,6.253378378,89.8527027,2223.810811,0.213889595,0.259457151,0.159299291,148.0,3.53221957,5.662099125,-1.869407365,6.222629459,93.81288838,2098.073314,0.304149102,0.51312059,0.210621641,1738.0,41.4797136,5.628571429,-1.898052356,6.184764398,93.40041885,1984.411765,0.323689849,0.540194058,0.224958002,955.0,22.79236277,5.622222222,-2.51004158,6.009459459,87.58357588,2293.62069,0.227964125,0.506335691,0.174232002,481.0,11.4797136,3.98711162,4.3472973,3.99958115,0
Colin Rea,97.0,92.4,97.3,607067,,,,,,,,,,,5.860493827,-1.735454545,6.245921376,78.62014742,2229.556675,0.329445609,0.408020244,0.105099407,407.0,17.82742006,6.403333333,-1.813180662,6.169236641,87.7302799,2028.913158,0.205738164,0.427521106,0.110254471,393.0,17.21419185,6.4473397,-1.828196501,6.218290713,92.33916555,2080.770178,0.230488056,0.425484635,0.103878488,743.0,32.54489707,6.44892562,-1.830328947,6.176003289,92.39029605,2022.172185,0.233713902,0.411232595,0.118499599,608.0,26.63162505,,,,,,,,,,,4.66083445,4.6697201,4.90970395,1
Carson Smith,95.4,,97.3,605476,5.933333333,-2.004444444,5.39037037,87.46296296,1815.296296,0.173205081,0.21378158,0.20389442,27.0,2.443438914,,,,,,,,,,,,,,,,,,,,,,,,,,,,,,,5.909660107,-1.866510417,5.346388889,93.12395833,2206.772809,0.225235183,0.227044856,0.198531517,576.0,52.12669683,5.574004193,-1.742139918,5.558559671,85.54176955,2612.476303,0.18067132,0.216282435,0.149401499,486.0,43.98190045,,,4.17604167,1
Yimi Garcia,98.4,95.0,97.2,554340,6.02,-2.7096,4.9644,86.38,1783.68,0.2081666,0.222307595,0.123998656,25.0,2.587991718,,,,,,,,,,,5.9375,-2.712352941,5.042941176,91.27058824,2483.0625,0.236290781,0.277094961,0.081911897,17.0,1.759834369,6.072123177,-2.651448598,4.870700935,93.99174455,2523.099026,0.233620984,0.248180753,0.118107705,642.0,66.45962733,6.12,-2.828,4.76,93.91,2519.666667,0.161932771,0.30216993,0.103816077,10.0,1.035196687,5.483529412,-2.789007353,5.004705882,83.12720588,2280.804734,0.217816866,0.291304687,0.117714654,272.0,28.1573499,4.40825545,3.72941176,3.29,1
Drew Storen,96.9,,97.2,519322,6.075308642,-2.401320293,5.393643032,85.30929095,1950.212871,0.277065092,0.605280455,0.162809824,409.0,15.5100493,5.608333333,-1.855,5.5475,79.9,2418.916667,0.223437334,0.228930319,0.216674242,12.0,0.455062571,,,,,,,,,,,6.185927152,-2.033634868,5.604753289,93.27894737,2328.935216,0.240888284,0.469403328,0.144390801,608.0,23.0565036,6.147151899,-2.356309148,5.483880126,91.78769716,2060.554675,0.276653288,0.617258582,0.255289245,634.0,24.04247251,5.532037815,-2.242006237,5.548607069,81.66060291,2304.093363,0.273261346,0.56663476,0.232793141,962.0,36.48084945,3.62105263,,5.41230284,1
Gabe Speier,97.6,,97.2,642100,5.96875,1.9040625,5.415,87.884375,1417.25,0.169320273,0.176065592,0.117088332,32.0,1.822323462,5.884615385,1.677037037,5.393703704,77.90740741,1962.153846,0.272312038,0.173733102,0.115063466,27.0,1.537585421,,,,,,,,,,,5.85125523,1.769497908,5.487573222,94.17280335,2270.031381,0.188752091,0.194210111,0.111834193,478.0,27.22095672,5.905494505,1.744458399,5.434803768,93.87912088,1997.679749,0.192103423,0.167541125,0.10030849,637.0,36.27562642,5.974226804,1.841821306,5.376563574,83.25945017,2127.568142,0.257665282,0.193531673,0.127507059,582.0,33.14350797,3.42719665,,3.32087912,0
Max Scherzer,99.4,93.9,97.1,453286,6.228300259,-3.352149185,5.361640469,84.65501572,1468.297921,0.286709465,0.185467467,0.189836365,3499.0,14.00832733,5.922910077,-3.19658296,5.650986547,77.51206278,2584.733333,0.376243243,0.190562156,0.201688287,2230.0,8.927856514,6.059419465,-3.423772727,5.265795455,89.18420455,2436.935057,0.233787045,0.200409401,0.204222463,1760.0,7.046200657,6.06819322,-3.329855491,5.377738439,94.46050096,2472.264134,0.247232089,0.219748248,0.260897779,12456.0,49.86788374,5.945901639,-3.360737705,5.151147541,93.98770492,2519.347107,0.181885234,0.145045835,0.309892535,122.0,0.488429818,5.998604269,-3.393693749,5.356562818,85.65273875,2329.852908,0.243600292,0.187487947,0.210070583,4911.0,19.66130195,4.93949904,4.71579545,3.11229508,0
Luis Patino,100.3,,97.1,672715,6.978280543,-1.639004525,5.85280543,87.01176471,1871.045455,0.280387286,0.340646317,0.123141837,221.0,8.893360161,6.757534247,-1.827945205,5.943972603,77.96164384,2544.287671,0.215327792,0.297778623,0.070014676,73.0,2.937625755,,,,,,,,,,,6.774057315,-1.793662396,5.986201959,95.70308968,2389.797583,0.255368874,0.301622561,0.102546233,1327.0,53.40040241,6.793925234,-1.382663551,5.971495327,94.27616822,2185.070093,0.207625778,0.394121009,0.109752635,214.0,8.61167002,6.778582435,-1.864030769,5.903984615,85.57430769,2484.263889,0.26963709,0.377731938,0.109590777,650.0,26.15694165,4.59691032,,2.82383178,0
Justin Verlander,99.8,95.7,96.9,434378,6.095610913,-2.324792899,6.530177515,86.20556213,1970.516667,0.245418254,0.224482788,0.187158452,845.0,5.256282657,5.38477057,-2.194994069,6.591561882,79.68932384,2775.145682,0.381084028,0.287593563,0.236918284,2529.0,15.73152526,5.951515152,-2.165882353,6.635882353,91.76470588,2527.0,0.257537876,0.430511448,0.386469001,34.0,0.211495397,6.013377744,-2.031216983,6.717892382,94.55571928,2562.121474,0.258573232,0.304702354,0.233655358,9162.0,56.991789,6.0,-2.430833333,6.379166667,95.64166667,2551.5,0.195401684,0.147553277,0.138134212,12.0,0.074645434,5.842636103,-2.146153406,6.625503721,87.4953921,2556.299098,0.228379055,0.311775528,0.24296177,3494.0,21.73426225,5.24428072,3.93529412,1.25833333,1
Mike Clevinger,99.0,91.4,96.8,605182,6.852593775,-1.544237829,5.402218675,87.28324022,1504.546549,0.225923858,0.286140447,0.211025247,1253.0,13.82239382,6.122879684,-1.297327416,5.624526627,76.17001972,2235.308679,0.377722681,0.272250062,0.216141162,1014.0,11.18587976,6.72,-1.269777778,5.73,88.03777778,2532.066667,0.143969694,0.148040057,0.099132602,45.0,0.496414782,6.680750373,-1.659995737,5.400607417,93.86494032,2276.457667,0.195869805,0.297452124,0.260609116,4692.0,51.75951462,6.746,-1.8066,5.5412,94.714,2200.9,0.184291251,0.359447478,0.241700101,50.0,0.55157198,6.167528593,-1.51380905,5.511795127,80.80512183,2417.310952,0.240862481,0.252604958,0.230792513,2011.0,22.18422504,5.13505968,3.36222222,2.086,1
Johnny Cueto,96.5,93.2,96.8,456501,5.622454448,-2.255993724,5.734717573,82.99116109,1525.785791,0.262703166,0.223161847,0.188480452,1912.0,19.39935065,5.213636364,-2.136222222,6.045555556,76.39333333,2143.189189,0.354762226,0.220673441,0.373603798,45.0,0.456574675,5.683669065,-2.18565097,5.818213296,88.24674515,2268.939592,0.268289636,0.202874506,0.171168157,1444.0,14.65097403,5.608893871,-2.056678819,5.833612833,92.2470288,2261.69985,0.266684963,0.259280582,0.149894805,2743.0,27.83076299,5.648221545,-2.073044345,5.846043847,91.96631789,2205.443257,0.285734167,0.260527782,0.174180589,2007.0,20.36323052,5.422215605,-2.272979472,5.828123167,83.83272727,2225.458521,0.241767131,0.221570981,0.185568841,1705.0,17.29910714,4.2529712,4.95325485,4.83368211,1
Paul Clemens,94.9,,96.8,518560,6.57,-3.0928,5.9348,84.066,1768.48,0.300509771,0.296352245,0.12820965,50.0,4.180602007,6.023450135,-2.937654987,6.116846361,74.70808625,2764.724324,0.337422599,0.288973298,0.133142986,371.0,31.02006689,,,,,,,,,,,6.461290323,-2.94483871,5.95516129,92.47741935,2394.258065,0.185611457,0.235441018,0.152618718,31.0,2.591973244,6.331300813,-3.194435484,5.785147849,92.39717742,2379.985054,0.195772662,0.28287831,0.165828333,744.0,62.20735786,,,,,,,,,,,2.42258065,,4.40282258,0
Justin Miller,97.0,,96.8,502522,6.253333333,-3.271333333,6.329333333,89.08666667,1998.758621,0.21772069,0.131509363,0.173362951,30.0,1.093294461,,,,,,,,,,,,,,,,,,,,,6.388017032,-3.359811543,6.227709069,93.74864547,2372.411873,0.246847359,0.163207283,0.133483292,1698.0,61.88046647,6.380555556,-3.339055556,6.259722222,93.47833333,2273.502793,0.187633668,0.214175559,0.131035543,180.0,6.559766764,6.112362301,-3.423301435,6.161375598,85.97870813,2497.816444,0.27835551,0.179627986,0.137267247,836.0,30.4664723,3.25135453,,3.32166667,0
Tim Mayza,97.1,,96.8,641835,,,,,,,,,,,,,,,,,,,,,,,,,,,,,,,6.362441315,2.137762128,6.425446009,93.82394366,2106.588419,0.278482767,0.244309852,0.166550132,639.0,34.22603107,6.435064935,2.002878788,6.462337662,94.26103896,2136.207792,0.253187695,0.217423641,0.153815362,462.0,24.74558115,6.338381201,2.540561358,6.077062663,86.8424282,2158.895916,0.258683425,0.215901995,0.163609974,766.0,41.02838779,3.27605634,,2.53896104,1
Sean Reid-Foley,97.9,,96.8,656887,7.042929293,-2.088080808,5.232777778,86.21111111,1480.90404,0.224457621,0.797474028,0.155937841,198.0,10.16427105,6.461538462,-2.506410256,5.279358974,81.24102564,2073.276316,0.217560721,0.272834922,0.173776538,78.0,4.004106776,,,,,,,,,,,6.999332061,-2.047693041,5.313403241,93.61811249,2149.597712,0.214982135,0.718034729,0.164230656,1049.0,53.85010267,6.917910448,-2.589552239,5.114776119,93.69253731,2094.686567,0.226919671,0.307025973,0.191543635,67.0,3.439425051,6.715827338,-2.186043165,5.281654676,84.21438849,2176.655022,0.246418378,0.689504973,0.14982559,556.0,28.54209446,4.28188751,,3.10746269,1
Michael Feliz,99.5,,96.7,593140,6.668468468,-1.631964286,6.331383929,86.13125,1823.214612,0.256669226,0.382466246,0.151803374,224.0,4.803774394,,,,,,,,,,,,,,,,,,,,,6.566751918,-1.617506353,6.431232529,95.23418043,2274.104909,0.270073365,0.356394278,0.151305743,3148.0,67.51018658,6.535087719,-1.852631579,6.40877193,93.95263158,2232.807018,0.231062165,0.301777628,0.120253752,57.0,1.22238902,6.422875817,-1.823290113,6.324254457,82.91158833,2186.927419,0.29093623,0.373897777,0.149538257,1234.0,26.46365001,4.26581957,,2.74736842,0
Lance Lynn,96.7,,96.5,458681,5.858333333,-2.039375,5.6615,84.925,1903.194444,0.369525771,0.141487073,0.111719586,80.0,2.62295082,5.319402985,-2.013521127,5.703309859,78.05,2031.878788,0.35656625,0.144414677,0.118601316,142.0,4.655737705,,,,,,,,,,,5.915951662,-1.934988331,5.698483081,92.78471412,2417.912302,0.30064308,0.162744719,0.14396531,1714.0,56.19672131,6.008957055,-1.961983568,5.683204225,91.51185446,2208.907635,0.304762794,0.174781205,0.132427185,852.0,27.93442623,5.639224138,-2.056694215,5.578677686,86.98181818,2303.630137,0.376432676,0.167935417,0.125247918,242.0,7.93442623,3.91528588,,4.98814554,1
Casey Mize,97.9,90.9,96.4,663554,,,,,,,,,,,,,,,,,,,,,6.686915888,-1.354485981,5.464299065,88.41775701,2293.280374,0.149264936,0.140028526,0.063959187,107.0,3.48647768,6.914208243,-1.663705309,5.642448537,93.78613218,2146.672096,0.19672639,0.404036477,0.149565047,923.0,30.07494298,6.85922619,-1.748154762,5.523482143,93.31056548,2081.141791,0.216883486,0.449703515,0.149833747,672.0,21.89638319,6.832198582,-2.228397163,5.349177305,85.90737589,2233.171631,0.194012257,0.335132879,0.135155229,705.0,22.971652,4.11386782,2.48224299,3.08943452,1
Javier Assad,95.6,93.7,96.4,665871,6.517159763,-1.646449704,5.961242604,84.88284024,1445.656805,0.169035018,0.173899085,0.101677567,169.0,4.396462019,6.455474453,-1.426094891,6.095291971,76.54744526,2386.736264,0.188271376,0.170342486,0.095011598,274.0,7.127991675,6.479069767,-1.830348837,5.929397463,88.51955603,2068.313559,0.149728436,0.174805667,0.102749279,946.0,24.60978148,6.462898936,-1.734973404,5.990638298,92.60345745,2097.780585,0.136412472,0.144304196,0.093959319,752.0,19.56295525,6.530094787,-1.580552923,6.029328594,92.19905213,1927.511076,0.130379163,0.154567388,0.092373744,1266.0,32.93444329,6.512356979,-1.644897025,5.970594966,80.52677346,2351.678899,0.16460456,0.181677456,0.100073887,437.0,11.36836629,2.99654255,5.18044397,4.20094787,0
David Robertson,96.0,95.7,96.4,502085,6.82,-2.478846154,5.657692308,87.43846154,2047.26,0.299659671,0.175316563,0.156212718,52.0,1.187485727,,,,,,,,,,,6.620043956,-2.577921909,5.785258134,92.21592191,2532.893617,0.227917415,0.18188818,0.139464924,2305.0,52.63758849,6.66,-2.677954545,5.717045455,93.2030303,2504.937008,0.274666817,0.224291041,0.20896597,132.0,3.014386846,6.804761905,-2.662619048,5.632142857,92.63571429,2302.547619,0.25752327,0.21192566,0.164250489,42.0,0.959123087,6.099103139,-2.675784753,5.723834081,83.91636771,2638.386473,0.202676702,0.183256898,0.162741566,446.0,10.18497374,2.7969697,3.48407809,3.76428571,1
Daulton Jefferies,95.6,92.7,96.3,641726,5.898543689,-2.776908213,5.920966184,86.58405797,1517.811594,0.133792032,0.14226021,0.185788882,207.0,19.07834101,,,,,,,,,,,5.872307692,-2.778410256,5.964871795,90.0774359,2212.974359,0.136798097,0.120116077,0.104192323,195.0,17.97235023,5.9,-2.64448,6.05264,92.964,2126.912,0.133802936,0.128674734,0.096471156,125.0,11.52073733,5.975742574,-2.677351485,5.973341584,92.90891089,2096.424318,0.138605938,0.155203109,0.123766258,404.0,37.23502304,5.82987013,-2.744285714,5.970974026,80.67402597,2460.915584,0.15259407,0.177505803,0.16691264,154.0,14.19354839,2.636,2.6225641,3.39108911,0
Brandon McCarthy,96.3,94.3,96.3,435221,5.872972973,-1.427837838,6.367027027,88.61351351,2215.648649,0.195289882,0.130621062,0.087014203,37.0,0.996767241,5.366666667,-1.424328018,6.566651481,80.4595672,2556.021053,0.269215646,0.25277063,0.110815138,878.0,23.65301724,5.81555794,-1.482926045,6.470471597,91.40267953,2251.233584,0.289754164,0.202572278,0.097608707,933.0,25.13469828,6.040560292,-1.49345079,6.411397327,93.51227217,2263.582217,0.273770739,0.226659868,0.098571877,823.0,22.17133621,5.873954984,-1.570128342,6.346705882,92.63208556,2149.314378,0.307274301,0.222231684,0.099683944,935.0,25.18857759,5.35754717,-1.458773585,6.591037736,85.5990566,2355.883721,0.181500683,0.162783542,0.077924619,106.0,2.855603448,2.78772783,2.89732047,3.66791444,0
Garrett Hill,97.1,,96.3,682051,6.505405405,-2.523918919,5.216959459,82.72364865,1380.175676,0.190160614,0.196740912,0.087479123,148.0,11.14457831,,,,,,,,,,,,,,,,,,,,,6.427504912,-2.593634578,5.342730845,92.29390963,2158.905697,0.159692934,0.188236616,0.105764038,509.0,38.32831325,6.492105263,-2.608947368,5.318496241,92.23383459,2147.526316,0.166579587,0.198992797,0.09964841,266.0,20.03012048,6.368518519,-2.728814815,5.18337037,83.42962963,2538.67658,0.151355798,0.180569326,0.109075755,270.0,20.3313253,4.80609037,,4.06616541,0
Riley Smith,93.8,87.1,96.2,642092,6.325268817,-1.667795699,5.650430108,86.45806452,1939.473118,0.122832264,0.233909156,0.097917936,186.0,14.14448669,6.343225806,-1.575935484,5.820064516,79.70322581,2331.4,0.131928431,0.245469856,0.101938973,155.0,11.78707224,6.372897196,-1.625420561,5.742897196,84.2317757,2152.738318,0.130000068,0.182685834,0.093192936,107.0,8.136882129,,,,,,,,,,,6.380104031,-1.577438231,5.723940182,92.95370611,2255.474642,0.128521195,0.228254396,0.108415201,769.0,58.47908745,6.347959184,-1.778061224,5.695,82.63469388,2029.040816,0.134876493,0.158794805,0.103098892,98.0,7.452471483,,2.8682243,3.24629389,0
John Brebbia,97.8,,96.2,605154,6.859459459,-2.263243243,5.478378378,87.97837838,2077.675676,0.287188923,0.220189994,0.170985924,37.0,1.317194731,,,,,,,,,,,,,,,,,,,,,6.566599866,-1.925344021,5.871295925,93.97855711,2364.856379,0.235502071,0.22366635,0.12353983,1497.0,53.29298683,6.598484848,-2.231515152,5.622575758,93.69545455,2209.712121,0.313536858,0.23137876,0.172745349,66.0,2.349590602,6.258229942,-2.035293631,5.824797353,83.17468983,2593.623306,0.221338142,0.212823032,0.112931935,1209.0,43.04022784,3.82144289,,2.50454545,1
Ian Anderson,97.3,,96.0,666120,6.922491803,-1.637148463,6.204663179,88.04898627,1601.900066,0.219248494,0.138180414,0.105906247,1529.0,32.21660346,6.848783069,-1.565770042,6.190759494,81.01455696,1912.140741,0.233164261,0.135761523,0.103438524,948.0,19.97471555,,,,,,,,,,,6.985352863,-1.464749446,6.209073171,94.27250554,1999.321317,0.210320575,0.143118136,0.101253376,2255.0,47.51369574,7.042857143,-1.386428571,6.161428571,93.96428571,2047.5,0.227745761,0.151688301,0.122025038,14.0,0.294985251,,,,,,,,,,,3.02749446,,2.03571429,1
Merrill Kelly,95.5,94.5,95.9,518876,6.204681979,-1.711969965,5.642305654,87.89509717,2105.004419,0.177464804,0.10924805,0.119570901,2264.0,18.72312273,6.130917623,-1.684786236,5.768613139,81.38456726,2603.655317,0.213103095,0.113706149,0.120902775,1918.0,15.86172676,6.174317202,-1.784571155,5.556320077,90.57532343,2367.69909,0.184831558,0.119604636,0.140041321,2087.0,17.25934502,6.216256795,-1.755957557,5.55009058,92.1242236,2374.52603,0.185560492,0.126965273,0.137025715,3864.0,31.95501158,6.245653425,-1.667645366,5.563172136,92.08278641,2236.601039,0.18112183,0.141544862,0.119245954,1737.0,14.36486934,6.206756757,-1.726171171,5.542342342,85.47387387,2336.441441,0.156023331,0.096242658,0.071169353,222.0,1.835924578,3.3757764,3.92467657,3.81721359,0
Rafael Montero,96.4,,95.9,606160,6.214341085,-1.246768642,5.033441683,87.56022945,2040.843023,0.245479028,0.277125499,0.162212935,523.0,18.71868289,,,,,,,,,,,,,,,,,,,,,6.080865385,-1.252143541,5.276641148,93.73454545,2317.118269,0.244573879,0.329826377,0.134223003,1045.0,37.4015748,6.136727273,-1.355753176,5.190290381,92.90399274,2235.034608,0.232739718,0.338483953,0.123533974,551.0,19.72083035,5.707762557,-1.356919575,5.20215478,83.66783005,2348.585127,0.229030336,0.296022382,0.145238198,659.0,23.58625626,2.66545455,,2.99600726,1
Steven Brault,96.0,90.6,95.8,643230,7.017826087,2.581456311,5.514261057,84.75145631,1705.782751,0.23429484,0.330252103,0.212798054,927.0,14.60532535,6.684466019,2.307403846,5.619038462,74.09519231,2199.942308,0.278566809,0.364105488,0.14765822,104.0,1.638569403,6.722980251,2.685583483,5.517217235,85.1956912,2230.958425,0.167320465,0.384498962,0.191040255,557.0,8.77579959,6.748691438,2.956775835,5.476480127,92.04995231,2100.54416,0.234728935,0.367296319,0.218255819,3145.0,49.55096896,6.774475524,2.929965076,5.408102445,91.47997672,1921.575263,0.241666265,0.356057306,0.198162912,859.0,13.53395305,6.816190476,2.614887417,5.63218543,82.64847682,2225.88443,0.277536195,0.356087019,0.220456165,755.0,11.89538365,3.95004769,5.4043088,4.32002328,0
Jharel Cotton,96.5,,95.7,605194,5.087945671,-1.621184433,6.243739425,77.81607445,2299.87415,0.229478906,0.188873426,0.107122897,591.0,22.7395152,4.485,-1.301136364,6.374318182,77.39818182,2429.319635,0.281065325,0.198075396,0.114524981,220.0,8.464794152,,,,,,,,,,,4.919885714,-1.540113895,6.283530752,93.15501139,2222.086857,0.245121715,0.242775637,0.134497904,878.0,33.78222393,4.936752137,-1.713903134,6.165071225,92.65270655,2145.31339,0.249776457,0.230375797,0.133439909,351.0,13.50519431,4.970197487,-1.535527728,6.267119857,88.63059034,2209.08079,0.210281065,0.211771075,0.112828278,559.0,21.50827241,3.34498861,,3.04729345,1
Felix Doubront,96.2,90.9,95.6,467094,6.341409692,2.461101322,6.402290749,84.54140969,1646.756637,0.307651315,0.192786101,0.121811707,227.0,17.95886076,5.887116564,2.449447853,6.461104294,76.18773006,2187.245399,0.524245165,0.155516866,0.128702001,163.0,12.89556962,6.307482993,2.499328859,6.433422819,87.4966443,2003.280576,0.279208381,0.178627139,0.114465691,149.0,11.78797468,6.53062201,2.404038005,6.475748219,91.30142518,2154.57554,0.298308735,0.180454027,0.109645417,421.0,33.30696203,6.582333333,2.438388158,6.411710526,91.37697368,1971.414716,0.266378956,0.159790603,0.096563229,304.0,24.05063291,,,,,,,,,,,4.89857482,3.4033557,4.22302632,1
Andrew Heaney,,,95.6,571760,5.7403125,3.523981481,5.842037037,83.55987654,2035.677116,0.242440367,0.147009023,0.132896472,324.0,18.76085698,,,,,,,,,,,,,,,,,,,,,,,,,,,,,,,5.928783658,3.595867159,5.695867159,91.87158672,2365.196279,0.240445116,0.156368899,0.136599937,1084.0,62.76780544,5.311320755,3.585705329,5.822257053,80.04106583,2225.498339,0.275951153,0.157867235,0.174555815,319.0,18.47133758,,,3.72841328,1
Clayton Richard,96.1,,95.6,453385,5.211261261,3.473328336,5.526776612,84.01634183,1772.229261,0.298027451,0.746645965,0.266176266,667.0,8.528321187,5.668707483,3.681836735,5.92755102,81.43401361,2100.417266,0.250971461,0.187240306,0.126791771,147.0,1.879555044,,,,,,,,,,,5.393554688,3.475656697,5.728595579,90.91560468,2159.257813,0.256112495,0.723895424,0.236170057,1538.0,19.66500448,5.391820041,3.262097063,5.615241379,90.42807152,2114.882609,0.267577292,0.834628004,0.252633168,3915.0,50.0575374,5.287451235,3.054817945,5.591443433,81.10507152,2250.641226,0.309561161,0.878505192,0.197510524,1538.0,19.66500448,5.18439532,,5.17192848,0
Tyler Beede,97.6,,95.6,595881,6.242622951,-2.623348946,5.744051522,83.55316159,1572.361502,0.25739879,0.186290141,0.115657854,427.0,19.47992701,5.466333333,-2.574766667,5.764866667,80.18,2291.533333,0.352202657,0.166798335,0.140908361,300.0,13.68613139,,,,,,,,,,,6.104446309,-2.556015101,5.816854027,94.15947987,2315.509228,0.240986,0.185703039,0.111330789,1192.0,54.37956204,5.99375,-2.5540625,5.775,91.8,2280.25,0.186543258,0.122444441,0.085042684,32.0,1.459854015,5.857676349,-2.573029046,5.74966805,86.31659751,2195.920168,0.184935786,0.149321923,0.087081701,241.0,10.99452555,3.44052013,,3.8,1
Keegan Thompson,97.9,94.2,95.4,624522,6.374336283,-1.622566372,5.581946903,86.27168142,2069.20354,0.172056241,0.226450794,0.126030456,113.0,3.100137174,6.094946401,-1.635759398,5.827518797,81.78992481,2586.130168,0.169143109,0.371926443,0.123427495,665.0,18.2441701,6.15928489,-1.769362912,5.744664391,89.67622298,2555.25896,0.158342879,0.423432448,0.139051768,879.0,24.11522634,6.225014997,-1.700789474,5.758707602,93.65187135,2394.54829,0.157232355,0.409705709,0.137927152,1710.0,46.91358025,6.229126214,-1.671057692,5.726634615,92.76153846,2323.421569,0.149922246,0.342506235,0.135729675,104.0,2.853223594,6.13,-2.472,5.812,84.54,2799.4,0.115950181,0.154833244,0.094844903,10.0,0.274348422,4.24812865,4.52377702,2.63846154,0
Jeff Manship,94.2,,95.4,453249,,,,,,,,,,,5.571596639,-1.709866221,6.16235786,83.91020067,2215.73102,0.221070182,0.213189032,0.137846414,598.0,46.64586583,,,,,,,,,,,6.106060606,-1.605151515,6.278787879,91.86666667,2157.242424,0.206063391,0.292308925,0.178233652,33.0,2.574102964,6.076615385,-1.782258065,6.176436252,91.9562212,2091.699074,0.220953787,0.253854533,0.160260039,651.0,50.7800312,,,,,,,,,,,2.33333333,,3.4437788,0
Kyle Zimmer,99.3,,95.4,622092,6.257142857,-0.761071429,5.797321429,87.14107143,1536.767857,0.198958326,0.200423901,0.103088507,56.0,3.220241518,6.135519126,-0.41442623,5.890655738,78.01693989,1968.52459,0.268482976,0.267311757,0.083794664,183.0,10.52328925,,,,,,,,,,,6.218231441,-0.611572052,5.887729258,94.7599345,2241.90919,0.188481232,0.252450149,0.095832714,916.0,52.67395055,,,,,,,,,,,6.081335616,-0.53380137,5.88760274,83.61215753,2110.975221,0.240805389,0.20836273,0.105106691,584.0,33.58251869,4.5400655,,,0
Adrian Sampson,94.9,88.2,95.2,592716,6.143328551,-2.623252496,5.863495007,86.08801712,1832.096126,0.307920999,0.216272924,0.148345818,701.0,14.82656514,5.342857143,-2.551428571,5.94,81.85714286,2548.5,0.227745761,0.152106094,0.173781472,14.0,0.296108291,6.369724771,-2.821727273,5.670818182,85.05545455,2476.522936,0.153058079,0.120433918,0.106505216,110.0,2.326565144,6.402005731,-2.707626194,5.829113233,92.36452933,2063.916905,0.19702665,0.126833383,0.134137213,733.0,15.50338409,6.237084149,-2.603679884,5.849700193,92.10149903,2000.245108,0.2761963,0.207775669,0.134162662,2068.0,43.7394247,5.889898054,-2.67676951,5.801215971,83.87758621,2574.518344,0.336135255,0.249475562,0.136452294,1102.0,23.30795262,2.53547067,3.14454545,3.09850097,0
David Bednar,99.6,93.2,95.2,670280,,,,,,,,,,,6.186507073,-2.225673913,5.8175,77.3775,2432.291621,0.198174368,0.176485402,0.099845637,920.0,24.69135802,,,,,,,,,,,6.664759615,-2.154483917,5.900384061,96.57978877,2370.888139,0.194991249,0.263653959,0.116502614,2083.0,55.90445518,,,,,,,,,,,,,,,,,,,,,3.02021123,,,0
Parker Bridwell,95.9,93.2,95.0,592170,5.696517413,-1.546169154,6.594577114,84.34925373,1565.455,0.266904123,0.203651053,0.155624372,201.0,10.40911445,5.42115869,-1.549496222,6.491284635,79.61234257,2812.169355,0.193076286,0.164159162,0.130146041,397.0,20.5592957,5.658484848,-1.644484848,6.387515152,89.57606061,2516.645455,0.244584148,0.190677583,0.156777604,330.0,17.08959089,5.832582583,-1.567627628,6.452087087,92.37642643,2431.647147,0.233196029,0.185757752,0.145318933,666.0,34.48990161,5.734862385,-1.615382263,6.440366972,91.70275229,2324.697248,0.273258955,0.16301913,0.110766376,327.0,16.93423097,5.71,-1.204,6.797,87.77,2406.0,0.19692074,0.115777565,0.044484704,10.0,0.51786639,3.52357357,3.62393939,3.29724771,0
Ubaldo Jimmenz,95.5,92.9,94.9,434622,,,,,,,,,,,5.19088785,-0.787113164,6.662309469,75.41639723,2604.983213,0.279571697,0.377128194,0.239865368,433.0,5.32726378,5.9,-0.485483871,6.49516129,89.57419355,2316.516129,0.25560386,0.367077092,0.166089754,31.0,0.381397638,6.132904222,-0.599246926,6.433406762,90.98447746,2159.625259,0.25714661,0.373171395,0.191135758,1952.0,24.01574803,6.069103943,-0.769678915,6.391612558,90.50799144,2071.021974,0.276805498,0.363092982,0.190617456,2803.0,34.48572835,5.517178363,-0.847663755,6.478136827,82.96637555,2320.558263,0.258585297,0.421530179,0.231722437,1374.0,16.90452756,4.51552254,3.32580645,4.39200856,0
Enny Romero,101.5,99.1,94.9,544836,,,,,,,,,,,5.3,1.466470588,6.222352941,81.91764706,2343.0,0.162018517,0.493886895,0.12852672,17.0,0.653594771,5.77804878,1.137012195,6.411646341,89.95640244,2339.702703,0.212757857,0.411665789,0.110762039,328.0,12.61053441,5.690111732,0.8821875,6.546590402,97.12087054,2327.394177,0.245717914,0.415641167,0.145009034,1792.0,68.89657824,,,,,,,,,,,5.592224622,1.236056034,6.383663793,86.47521552,2305.62069,0.248423639,0.44695969,0.163532624,464.0,17.83929258,4.37912946,9.14359756,,0
Drew Hutchison,96.8,,94.9,571800,6.019476268,-2.915253165,5.99125,85.79414557,1719.522095,0.291907891,0.331803312,0.171715095,632.0,10.98366354,,,,,,,,,,,,,,,,,,,,,6.040309312,-2.920786802,5.962490482,92.47284264,2286.257171,0.269280922,0.329522918,0.186866755,3152.0,54.77928398,6.004761905,-2.635274725,6.144542125,92.33260073,2275.465201,0.20690124,0.328118547,0.15687162,273.0,4.744525547,5.697539016,-3.071373011,5.909587507,84.99687684,2485.220609,0.340975381,0.322277513,0.134254386,1697.0,29.49252694,4.32715736,,2.56739927,0
Dan Winkler,96.0,94.3,94.8,595465,5.951351351,-2.162162162,5.008648649,89.05945946,2088.121212,0.218099903,0.202308004,0.19445311,37.0,1.337188291,5.88715847,-1.792814208,5.18295082,82.46557377,2562.537954,0.403171145,0.242015517,0.177152617,366.0,13.22732201,6.210647182,-1.840751566,5.24473904,90.34725122,2538.732081,0.33363773,0.212526237,0.135305358,1437.0,51.93350199,6.183660131,-1.793359477,5.337529412,93.15163399,2521.075916,0.30721207,0.238035882,0.170687057,765.0,27.64727141,6.301369863,-1.847534247,5.22760274,92.20273973,2338.739726,0.307152956,0.226163083,0.201922842,146.0,5.276472714,5.85625,-2.434375,4.694375,86.11875,2258.230769,0.233719918,0.088466095,0.191936404,16.0,0.578243585,2.84836601,3.95274878,2.59726027,0
Chi Chi Gonzalez,95.8,91.0,94.7,592346,5.777777778,-1.395491803,6.012377049,86.66311475,1632.247863,0.233825425,0.259363819,0.096115059,122.0,9.45003873,5.391666667,-1.144189189,6.152837838,80.10945946,2013.765957,0.178214936,0.233449456,0.08590406,74.0,5.731990705,,,,,,,,,,,5.675955414,-1.268322884,5.989169279,92.17147335,2356.097444,0.223524497,0.241088926,0.099607233,638.0,49.419055,5.753403141,-1.363505155,6.012628866,91.43505155,2278.926702,0.200726155,0.23751102,0.094077448,194.0,15.02711077,5.49351145,-1.249353612,5.952775665,87.08060837,2259.814815,0.187532572,0.252662087,0.097903087,263.0,20.3718048,3.62852665,,3.26494845,1
Joey Lucchesi,,93.3,94.6,664192,,,,,,,,,,,5.742194745,1.882277177,6.65384338,78.97228233,2074.79969,0.360908255,0.277432573,0.166792247,1941.0,35.52342606,6.346715328,2.012773723,6.227080292,90.44038929,2227.326829,0.224928529,0.335595713,0.162334316,411.0,7.521961933,,,,,,,,,,,6.42377892,2.053335476,6.250337404,90.35456298,2221.297071,0.228814928,0.340357734,0.181675782,3112.0,56.95461201,,,,,,,,,,,,2.85961071,4.24543702,1
Jordan Montgomery,94.7,,94.6,656756,6.088561525,0.732720971,6.929982669,84.06828423,1872.558059,0.311594538,0.177241733,0.114681775,577.0,19.37541974,5.581122449,0.761352041,7.027142857,80.29413265,2373.524904,0.34641129,0.199765401,0.116495222,784.0,26.32639355,,,,,,,,,,,6.03619403,0.732238806,7.095354478,91.62910448,2237.251866,0.305396436,0.220882315,0.102550035,536.0,17.99865682,6.00960452,0.755508475,7.096991525,91.4829096,2181.600282,0.270978867,0.202418604,0.104190094,708.0,23.7743452,5.805630027,0.86227882,6.986300268,85.79383378,2368.908356,0.266590263,0.248886569,0.102289574,373.0,12.52518469,3.07089552,,3.1170904,1
Danny Barnes,95.3,,94.5,592130,5.787193974,-1.570451977,5.450338983,79.6693032,1413.380414,0.287975756,0.251066749,0.21849027,531.0,25.56571979,,,,,,,,,,,,,,,,,,,,,5.628912876,-1.509799537,5.472829607,91.88974557,2267.447186,0.20345353,0.238846488,0.190733872,1297.0,62.44583534,5.787777778,-1.825444444,5.633,92.39888889,2315.533333,0.231180545,0.236952378,0.179070321,90.0,4.333172845,5.442138365,-1.520943396,5.492515723,82.73207547,2376.726115,0.193365807,0.258887084,0.200031544,159.0,7.655272027,3.41025443,,2.10111111,0
Daniel Gossett,95.3,,94.4,605254,6.364851485,-1.280594059,5.799257426,84.43118812,1653.477612,0.226595455,0.362257493,0.11284623,202.0,10.25901473,5.830882353,-1.015073529,5.930625,78.79779412,2399.970149,0.325205517,0.333290641,0.098524048,272.0,13.81411884,,,,,,,,,,,6.323446328,-1.044392655,6.022853107,91.91115819,2347.461864,0.211115415,0.393215876,0.120855254,708.0,35.95733875,6.347400612,-1.033639144,5.977308869,91.61865443,2355.727829,0.228862823,0.284759986,0.097763829,327.0,16.60741493,5.955217391,-1.190173913,5.918565217,84.7326087,2425.042208,0.174004972,0.413492975,0.141751056,460.0,23.36211275,3.38884181,,2.78134557,1
Chris Stratton,95.9,93.9,94.3,608717,6.535266821,-1.710359629,5.951740139,85.38793503,2059.475029,0.249896352,0.187432647,0.131457433,862.0,8.773536896,6.300107411,-1.603147154,6.054607948,79.22524168,3138.499194,0.393225805,0.198934234,0.132867486,1862.0,18.95165394,6.358527132,-1.541395349,6.104806202,91.14031008,2484.554264,0.230936516,0.183677285,0.096184815,258.0,2.625954198,6.456277603,-1.755263933,5.987594111,92.210347,2521.794823,0.234865904,0.207672329,0.14012591,4755.0,48.39694656,6.386683417,-1.682336683,6.025301508,91.22914573,2403.027638,0.25502221,0.215722831,0.150090769,398.0,4.050890585,6.238402367,-1.812514793,5.95643787,85.34715976,2857.191049,0.378349604,0.215074873,0.146920543,1690.0,17.20101781,3.689653,2.75968992,3.07085427,0
Nick Tropeano,93.6,,94.3,607374,5.494117647,-1.662206573,6.212910798,82.51079812,1856.559194,0.334230137,0.217873821,0.137770402,426.0,22.94022617,,,,,,,,,,,,,,,,,,,,,5.37761194,-1.435902579,6.252034384,91.28452722,2229.182635,0.241391237,0.199909755,0.136025855,349.0,18.79375337,5.355050505,-1.601165846,6.267520525,91.73908046,2240.327087,0.215620398,0.229986671,0.119070937,609.0,32.79483037,5.265236052,-1.546892178,6.250549683,80.68160677,1991.094388,0.242641485,0.219827222,0.136985223,473.0,25.47119009,2.31547278,,2.56091954,1
Sean Doolittle,98.8,,94.3,448281,5.933333333,2.276,5.884666667,82.4,1512.933333,0.255417492,0.150939912,0.116549601,15.0,0.34348523,5.994405594,2.262867133,5.959300699,80.15944056,2322.571429,0.276236331,0.26995728,0.154462495,143.0,3.274559194,,,,,,,,,,,6.171550574,2.063707835,6.039768924,93.84584329,2231.018429,0.229176717,0.268916647,0.173911904,3765.0,86.21479276,6.023809524,2.112380952,6.012380952,90.38571429,2188.142857,0.202249257,0.122184482,0.078860938,21.0,0.480879322,5.864673913,2.392771739,5.883097826,81.95706522,2342.602649,0.290471451,0.26127981,0.175208451,184.0,4.213418823,4.95415671,,3.91428571,0
Blake Parker,96.1,91.6,94.1,453284,,,,,,,,,,,6.200540541,-0.761585586,6.429459459,77.13351351,2209.712996,0.414079462,0.254708032,0.121823079,555.0,12.14707814,6.639189189,-0.433310811,6.383378378,88.55135135,2130.527027,0.287052849,0.134084898,0.090940319,148.0,3.239220836,6.705904366,-0.565272349,6.425850312,92.08361746,2139.735551,0.233343774,0.217101373,0.121948589,2405.0,52.63733859,,,,,,,,,,,,,,,,,,,,,4.01638254,3.04864865,,0
Matt Festa,95.3,92.4,94.0,670036,,,,,,,,,,,5.6125,-2.0746875,5.50375,81.55,2563.709677,0.179155726,0.324156318,0.095402374,32.0,1.960784314,6.452941176,-2.186470588,5.024705882,89.38823529,2511.235294,0.240098019,0.189866439,0.12293889,17.0,1.041666667,6.303283174,-2.15493844,5.050095759,92.48385773,2310.246914,0.202356394,0.257331597,0.204327475,731.0,44.79166667,6.108571429,-2.186857143,5.076,92.29428571,2147.657143,0.245394555,0.368947401,0.139330331,35.0,2.144607843,5.773799127,-2.282183406,5.276812227,86.44366812,2392.684211,0.190599179,0.238980917,0.156007941,229.0,14.03186275,2.81614227,3.01176471,1.70571429,0
Josh A. Smith,94.9,91.1,93.9,595001,6.410191083,-2.740125786,5.356226415,80.9490566,1870.624204,0.640030519,0.293828908,0.195693118,159.0,4.83135825,5.895833333,-2.550964392,5.488679525,78.18308605,2781.765273,0.450580572,0.368110862,0.186071152,674.0,20.48009723,6.136734694,-2.495714286,5.470544218,88.69727891,2487.795918,0.233226808,0.178425381,0.140350746,147.0,4.466727438,6.555089286,-2.55480531,5.47960177,91.12637168,2314.341704,0.545639135,0.333629167,0.160899048,1130.0,34.33606806,6.402690583,-2.605357143,5.405982143,90.01473214,2272.427273,0.362911063,0.347872273,0.187625999,224.0,6.806441811,6.161375661,-2.686997886,5.38115222,85.52124736,2512.813625,0.54613454,0.347778245,0.16796587,946.0,28.74506229,3.77362832,2.40272109,3.88526786,0
Kenta Maeda,96.0,91.4,93.9,628317,6.182364729,-2.06906,5.86838,83.378,1788.370968,0.269182943,0.183540433,0.137159765,500.0,4.07996736,5.625625474,-1.84673732,6.061642695,74.97880394,2545.485932,0.276513436,0.171860668,0.113551935,1321.0,10.77927377,5.936915888,-2.109719626,5.860794393,87.8317757,2294.728972,0.206222047,0.174202181,0.162338615,214.0,1.74622603,6.050128469,-2.143869643,5.825945599,91.53317937,2305.072091,0.227548779,0.192146797,0.122987016,3897.0,31.79926561,6.070323326,-2.135697809,5.833102653,90.46078431,2198.046243,0.262991482,0.233194635,0.128368488,867.0,7.074663403,5.817280983,-2.143955164,5.824003203,83.01257006,2474.412703,0.194137922,0.17980189,0.120396604,3747.0,30.5752754,4.46682063,3.5682243,3.43921569,1
Chris Heston,93.1,,93.6,518790,6.433623188,-2.551064426,5.578571429,82.51820728,1926.733333,0.273808046,0.414997616,0.155557817,357.0,11.75889328,5.711031175,-2.673364929,5.805,74.46184834,2274.725061,0.378538614,0.347623837,0.158212626,422.0,13.89986825,,,,,,,,,,,6.53956044,-2.567956989,5.666236559,89.48817204,2110.406593,0.285532299,0.22622401,0.191560604,93.0,3.063241107,6.424912075,-2.59486502,5.698816772,89.35956347,2061.403519,0.255165103,0.367881707,0.15827185,1741.0,57.34519104,5.870149254,-2.868985149,5.55970297,76.89306931,2119.692529,0.268837857,0.204245777,0.176625133,404.0,13.30698287,3.61182796,,4.24043653,0
Jalen Beeks,96.2,91.1,93.5,656222,6.323340961,0.962208238,6.075389016,87.24919908,1870.044674,0.247701564,0.780920858,0.123179145,874.0,28.97877984,5.60019685,1.17273622,6.150984252,75.65354331,2613.149606,0.387043567,0.973741333,0.127977037,508.0,16.84350133,6.126769231,1.680953846,6.046676923,86.73784615,2160.92,0.24930216,1.045858092,0.123278405,325.0,10.77586207,6.233842628,1.059717341,6.083384263,92.06600458,2011.284186,0.249480763,0.897559465,0.135269319,1309.0,43.40185676,,,,,,,,,,,,,,,,,,,,,4.13399542,4.36215385,,1
Zach Putnam,93.2,91.5,93.4,474029,,,,,,,,,,,,,,,,,,,,,5.741721854,-1.463417722,5.934493671,88.87721519,2329.496689,0.265670878,0.189238407,0.142616797,158.0,11.32616487,5.827868852,-1.50701087,6.001141304,90.83369565,2278.442623,0.249040674,0.187074924,0.152789371,184.0,13.18996416,5.98,-1.5204375,5.9491875,91.265625,2129.157233,0.267718053,0.166591229,0.133147537,160.0,11.46953405,,,,,,,,,,,2.36630435,2.62278481,2.134375,1
Connor Overton,94.2,90.6,93.3,656818,6.128,-1.7638,6.02735,84.8305,1792.215,0.162629152,0.228058355,0.177490824,200.0,21.20890774,5.977777778,-1.611111111,6.188888889,78.53333333,2123.944444,0.130859402,0.151031313,0.166658823,18.0,1.908801697,6.287878788,-1.746666667,6.094545455,88.86060606,2215.69697,0.116612542,0.240502945,0.118693168,33.0,3.499469777,6.136842105,-1.625017544,6.036631579,91.54666667,2193.996491,0.183310307,0.280286102,0.218686591,285.0,30.22269353,6.173006135,-1.73196319,5.94208589,90.74417178,2101.883436,0.160655044,0.246052436,0.203610782,163.0,17.28525981,6.100552486,-1.53198895,6.118066298,82.16077348,2425.088398,0.158988902,0.258064204,0.178497171,181.0,19.19406151,2.65333333,1.73939394,2.55582822,1
Robert Dugger,94.4,,93.3,667498,6.217894737,-2.282315789,4.985789474,81.32947368,1436.789474,0.156408458,0.332000553,0.126773201,95.0,6.229508197,5.868690096,-2.121182109,5.160223642,74.03738019,2295.413462,0.336141201,0.358554177,0.146443788,313.0,20.52459016,,,,,,,,,,,6.0354,-2.24664,5.0606,90.8084,2179.008032,0.18653802,0.350354402,0.12523821,500.0,32.78688525,6.075555556,-2.368814815,4.989518519,89.96037037,2077.396296,0.198307585,0.368972353,0.143068307,270.0,17.70491803,5.929682997,-2.300605187,4.960057637,79.73631124,2302.258741,0.23559214,0.359517069,0.134250207,347.0,22.75409836,3.5916,,3.33962963,0
Deck McGuire,95.7,,93.3,592547,5.779787234,-2.529893617,5.747021277,86.53829787,2268.510638,0.248254027,0.196192218,0.138996633,94.0,10.27322404,5.421153846,-2.028461538,6.140961538,76.51923077,2621.884615,0.354081083,0.203273068,0.122073663,104.0,11.36612022,,,,,,,,,,,5.789373814,-2.072068311,5.971233397,93.17191651,2359.142315,0.255734584,0.267277663,0.166167367,527.0,57.59562842,,,,,,,,,,,5.328421053,-2.093947368,6.033368421,83.79894737,2511.496732,0.214630559,0.201611753,0.143247376,190.0,20.76502732,2.52808349,,,0
Konnor Pilkington,96.5,,93.3,663455,6.375652174,1.906956522,5.82426087,84.38869565,1735.069869,0.179563422,0.132521228,0.103350515,230.0,21.33580705,6.258666667,1.800933333,5.867333333,77.02533333,2176.76,0.179408437,0.168788796,0.118906429,75.0,6.957328386,,,,,,,,,,,6.449927007,1.714671533,5.912379562,92.1519708,2222.357664,0.180206576,0.154967697,0.119679282,685.0,63.54359926,,,,,,,,,,,6.364772727,1.832045455,5.836477273,82.10568182,2242.204545,0.183853873,0.147439129,0.111448558,88.0,8.163265306,4.3480292,,,0
Zach Duke,92.6,,93.1,435043,6.151145038,3.205555556,5.652814815,85.87777778,1490.557252,0.260581129,0.227063232,0.331335272,135.0,6.534365924,5.538164251,3.604369159,5.071542056,76.2796729,2272.088889,0.40402636,0.304823555,0.450997807,428.0,20.71636012,,,,,,,,,,,6.103053435,3.097443609,5.793233083,89.70977444,2116.816794,0.210105809,0.226778006,0.324976803,133.0,6.437560503,6.108059701,3.491264591,5.218550584,90.10515564,1911.69031,0.23533632,0.365840266,0.516604467,1028.0,49.75798645,5.655921053,3.093575949,5.821202532,82.275,2111.198276,0.181389413,0.162315186,0.149083369,316.0,15.29525653,2.89022556,,2.99484436,1
Huston Street,,,93.1,434718,5.695189003,-1.721638225,5.760238908,81.71672355,1766.644828,0.277135997,0.176214122,0.162864799,293.0,19.74393531,,,,,,,,,,,,,,,,,,,,,,,,,,,,,,,5.568841762,-1.917078652,5.60247191,88.92712681,2224.941272,0.22366115,0.294460876,0.269108906,623.0,41.98113208,5.528996283,-1.735914972,5.723308688,83.60628466,2125.907721,0.217261001,0.200251102,0.179037434,541.0,36.45552561,,,4.17287319,0
Jordan Yamamoto,95.3,90.8,92.9,657141,6.011940299,-1.831791045,5.494776119,83.29104478,1914.373134,0.334628871,0.214256469,0.204512415,67.0,3.813318156,5.96,-1.379957447,5.813829787,74.61021277,2646.918103,0.328711548,0.219376541,0.123068899,235.0,13.37507114,5.957738095,-1.589732143,5.746488095,86.04702381,2539.54955,0.319980787,0.202073401,0.10643274,336.0,19.12350598,6.091984733,-1.355603558,5.902503177,91.3386277,2258.639949,0.275633616,0.259103927,0.152783207,787.0,44.79225953,6.26744186,-1.63,5.725116279,90.14418605,2381.465116,0.230652212,0.278473731,0.16426419,43.0,2.447353443,5.794463668,-1.680553633,5.582318339,78.79446367,2812.052083,0.417462331,0.170616849,0.135789189,289.0,16.44849175,3.9613723,4.75297619,2.75581395,0
Paul Sewald,95.4,,92.6,623149,6.154074074,-3.571777778,4.663111111,82.47925926,1647.045113,0.225852601,0.427550934,0.132126504,135.0,2.265480785,,,,,,,,,,,,,,,,,,,,,6.396639134,-3.659467388,4.544585588,91.65178012,2410.609763,0.255470262,0.25175436,0.161095229,3511.0,58.91928176,6.344827586,-3.361724138,4.247241379,89.75172414,2149.672414,0.174890857,0.246790898,0.169558696,58.0,0.973317671,5.748656294,-3.662390382,4.756379066,82.03550212,2205.460821,0.169176574,0.226783333,0.166854462,707.0,11.86440678,3.74821988,,2.84827586,0
Will Smith,97.2,,92.6,519293,,,,,,,,,,,5.447619048,1.625354331,6.757795276,77.0496063,1960.698413,0.253207989,0.159551929,0.112700709,127.0,7.418224299,,,,,,,,,,,6.122694175,1.432761104,6.655918367,93.40096038,2299.440994,0.287287602,0.163580907,0.092790102,833.0,48.65654206,6.123076923,1.652307692,6.604230769,91.16923077,2242.807692,0.250292137,0.204905982,0.072673135,26.0,1.518691589,5.548236953,1.786129477,6.45761708,81.80013774,2014.449612,0.348625826,0.174594797,0.130466418,726.0,42.40654206,3.79903962,,1.43076923,1
Zach Logue,92.6,88.4,92.2,656657,5.561714286,2.659085714,5.0024,82.37485714,1874.331429,0.164587358,0.133654506,0.128805119,175.0,14.64435146,5.423,2.63925,5.10325,77.9485,2405.787879,0.165249925,0.15053652,0.140265138,200.0,16.73640167,5.612162162,2.426666667,5.279054054,85.86981982,2248.603604,0.193294399,0.152643869,0.133177345,222.0,18.57740586,5.688286713,2.418251748,5.148199301,90.23811189,2003.463287,0.173919083,0.159151932,0.129934951,572.0,47.86610879,5.615384615,2.485,4.993461538,89.15384615,1911.346154,0.128661751,0.105877287,0.126678879,26.0,2.175732218,,,,,,,,,,,2.36188811,2.53018018,3.04615385,0
Scott Effross,92.7,,92.1,664123,6.020567376,-4.350141844,3.387801418,83.0,2058.602837,0.109881579,0.132691833,0.084769369,141.0,13.59691418,,,,,,,,,,,,,,,,,,,,,6.026470588,-4.358823529,3.704852941,90.76691176,2253.298507,0.147691016,0.147813991,0.094092038,136.0,13.1147541,5.98953168,-4.334710744,3.729669421,90.40881543,2219.242424,0.141813631,0.157485811,0.096304081,363.0,35.0048216,5.844836272,-4.390075567,3.646675063,79.89118388,2455.720403,0.157969393,0.152750025,0.097613067,397.0,38.28351013,1.93308824,,1.69118457,0
Grant Dayton,95.6,,92.0,594795,6.225,3.118888889,5.574444444,84.46666667,2267.5,0.18879316,0.169297334,0.140741799,36.0,4.161849711,5.866923077,3.100601504,5.63481203,75.45112782,2340.550388,0.29815673,0.189803564,0.153980526,133.0,15.37572254,,,,,,,,,,,6.314825581,3.025704023,5.748850575,92.09928161,2281.491994,0.217598307,0.192131756,0.143619604,696.0,80.46242775,,,,,,,,,,,,,,,,,,,,,3.50071839,,,1
Shawn Kelley,96.2,,92.0,518875,,,,,,,,,,,,,,,,,,,,,,,,,,,,,,,6.505098039,-1.210230137,5.728723288,92.16893151,2286.439641,0.234238112,0.180139601,0.145134022,1825.0,49.80895197,,,,,,,,,,,5.992670738,-1.278042414,5.741957586,82.52359978,2296.317708,0.235706095,0.168374344,0.146513252,1839.0,50.19104803,4.03106849,,,0
Joe Smith,91.9,,91.4,501925,6.403030303,-2.814626866,3.347313433,78.64477612,1730.272727,0.298184092,0.321955805,0.193731946,67.0,1.413203965,,,,,,,,,,,,,,,,,,,,,6.60371402,-2.828040665,3.582523105,88.31155268,2093.89851,0.24552717,0.365046404,0.226926967,1082.0,22.82218941,6.558433134,-2.886028756,3.448745662,87.62478929,1931.252004,0.267891939,0.389022795,0.409224687,2017.0,42.54376714,6.35476963,-2.974590058,3.386920594,79.38695933,2218.773247,0.251769637,0.368960465,0.263560901,1549.0,32.67243198,3.58844732,,3.77521071,0
Luis Garcia,98.1,90.7,91.3,677651,6.088791594,-1.509334501,5.987740806,83.982662,1966.698774,0.200474289,0.316925325,0.195299975,571.0,10.13669448,6.136007463,-1.129570896,6.229552239,76.51977612,2432.579439,0.210806444,0.31119727,0.213200325,536.0,9.515355938,6.16925116,-1.621345262,6.209867462,85.60384361,2357.555997,0.203114434,0.455339213,0.193133064,1509.0,26.78856737,6.153673724,-1.497538398,6.164022416,93.58704857,2377.429343,0.183259057,0.407517555,0.169894587,2409.0,42.76584413,,,,,,,,,,,6.088322368,-1.865279605,6.0603125,79.66891447,2440.057566,0.207468021,0.433064922,0.217651992,608.0,10.79353808,4.51295143,5.09615639,,1
Thomas Eshelman,89.3,,90.1,664045,6.3907173,-1.05556962,5.62649789,79.57974684,1333.510549,0.187756356,0.255613653,0.142394672,237.0,15.00949968,6.0527897,-1.09111588,5.699270386,76.27081545,1853.459227,0.293468311,0.224780639,0.139518506,233.0,14.75617479,,,,,,,,,,,6.340251572,-1.106352201,5.61490566,85.68018868,1854.748428,0.194277598,0.186510109,0.136849951,318.0,20.13932869,6.33398533,-0.950171149,5.710684597,86.35061125,1808.810345,0.176135002,0.266571772,0.131676672,409.0,25.90246992,6.179057592,-1.09460733,5.686570681,78.85575916,1862.146597,0.202169732,0.198072676,0.121166764,382.0,24.19252692,3.61981132,,3.74938875,0
Robby Scott,91.7,,90.0,582494,6.469230769,3.313205128,5.115512821,84.4025641,1699.346154,0.192257736,0.350415314,0.236493032,78.0,7.647058824,6.306140351,3.328245614,5.023508772,73.46140351,2322.72807,0.333733264,0.672271602,0.426797049,114.0,11.17647059,,,,,,,,,,,6.256744186,3.282651163,5.057767442,89.75023256,2160.748837,0.195841354,0.286392229,0.242988869,215.0,21.07843137,6.264606742,3.892837079,4.469269663,87.70674157,2119.606742,0.263422998,0.496440384,0.401655062,356.0,34.90196078,5.908949416,3.730505837,4.450077821,75.79922179,2306.812,0.397400815,0.497002084,0.431480909,257.0,25.19607843,1.94976744,,2.29325843,0
Dan Haren,89.3,86.9,89.5,429717,,,,,,,,,,,,,,,,,,,,,5.37557643,-1.304183502,6.551515152,83.90328283,2219.030875,0.279806841,0.196272999,0.128969321,1188.0,40.99378882,5.41122807,-1.153386912,6.61902411,86.59724455,2160.383079,0.296411422,0.208884032,0.12263051,871.0,30.05521049,5.344548287,-1.225276074,6.586564417,85.90674847,1961.82866,0.292579901,0.196742121,0.112915927,326.0,11.24913734,,,,,,,,,,,2.70275545,2.99671717,3.59325153,0
Alex Claudio,87.9,,89.3,592222,6.077433354,3.042292954,4.647243511,71.26823239,2131.51425,0.32641995,0.345042631,0.146665485,1618.0,31.35051347,5.870414201,3.544970414,4.721065089,74.64852071,1939.659341,0.254156764,0.184610672,0.111766345,169.0,3.274559194,,,,,,,,,,,5.741666667,2.590826446,4.66892562,85.4892562,1985.371901,0.448636278,0.193608655,0.14456718,121.0,2.344506879,5.630322581,3.173221909,4.484563029,86.00728957,1966.257062,0.30425233,0.362137548,0.151155102,2483.0,48.11083123,5.612109375,3.066350649,4.702909091,76.62961039,2194.751524,0.362191977,0.359181712,0.128748521,770.0,14.91958923,2.4107438,,3.29271043,0
Mark Buehrle,88.8,82.8,88.8,279824,6.289637306,1.417831933,6.015831933,78.71663866,1625.415945,0.241598712,0.148399447,0.122657603,595.0,21.03216684,5.621888412,1.348713693,6.208962656,71.74522822,2137.22807,0.370684183,0.152554652,0.12312664,241.0,8.518911276,6.052052239,1.466703097,6.059690346,79.92513661,1907.168421,0.246461851,0.149637839,0.124497877,549.0,19.40615058,6.259141274,1.357967699,6.068936743,84.45598923,2075.681502,0.261025045,0.16090475,0.124677806,743.0,26.26369742,6.354074074,1.392942029,6.016318841,83.51362319,1973.020802,0.205763744,0.162107526,0.123399183,690.0,24.3902439,,,,,,,,,,,4.34401077,2.87486339,5.28637681,0
Brent Suter,90.0,,88.4,608718,6.79389313,3.012893401,6.318248731,80.0677665,1776.903061,0.208035904,0.151770732,0.13062671,394.0,12.06368647,5.995945946,3.005521236,6.460501931,74.00328185,2214.980354,0.38391621,0.170514123,0.122602892,518.0,15.86037967,,,,,,,,,,,6.995612431,2.900036563,6.258039305,86.05653565,2139.781793,0.215704712,0.158461679,0.126750187,2188.0,66.99326393,7.121794872,3.017051282,6.240128205,85.90641026,2121.615385,0.245820881,0.158606832,0.13533502,78.0,2.388242498,6.221590909,2.937045455,6.414545455,78.63068182,2233.546667,0.217852034,0.161801348,0.12303545,88.0,2.694427434,3.94346435,,2.49358974,1
Drew Smyly,94.2,89.0,,592767,5.33027027,1.698817204,6.95672043,80.24892473,1494.902703,0.225428173,0.170197656,0.114459941,186.0,4.623415362,5.047396963,1.788603652,6.932287863,76.40139635,1779.216157,0.314780231,0.184786377,0.124115047,931.0,23.14193388,5.268588771,1.855735736,6.814684685,84.93678679,2101.185583,0.229839998,0.208511695,0.119766589,666.0,16.55480984,5.290802525,1.575111607,6.949191964,90.77821429,2184.112517,0.209830969,0.185000962,0.118684236,2240.0,55.67984091,,,,,,,,,,,,,,,,,,,,,3.42178571,4.06321321,,1
Cody Bradford,93.1,89.1,,674003,7.315804598,0.863764368,5.930804598,81.95689655,1883.864943,0.248355251,0.153684514,0.121503249,348.0,28.04190169,7.114634146,0.580731707,6.230487805,75.66585366,2121.341463,0.324469548,0.077890636,0.048267547,41.0,3.303787268,7.357142857,0.721353383,6.064736842,86.60676692,2026.804511,0.191202619,0.153197149,0.102643683,133.0,10.71716358,7.276470588,0.547828054,6.132096531,90.37496229,2121.162896,0.201778127,0.137095863,0.107506663,663.0,53.42465753,,,,,,,,,,,7.330357143,0.827857143,6.031607143,83.32321429,2044.946429,0.185785451,0.141905401,0.10019575,56.0,4.512489927,2.72503771,2.49323308,,0
Cole Sulser,95.9,89.9,,642121,6.698818898,-1.776811024,5.824028871,84.02742782,1583.093176,0.164963011,0.132208327,0.09886831,762.0,31.57894737,6.534375,-1.95625,5.894375,77.403125,2392.15625,0.192788326,0.11572353,0.108981724,32.0,1.326150021,6.709090909,-1.717272727,5.769090909,87.45454545,2295.272727,0.170026736,0.05968097,0.152476526,11.0,0.45586407,6.696038035,-1.634513064,5.843713381,92.93570863,2304.403968,0.170366471,0.134359063,0.107262745,1263.0,52.34148363,,,,,,,,,,,6.595942029,-1.963913043,5.741478261,85.76782609,2318.712209,0.173827625,0.121109423,0.110891552,345.0,14.29755491,2.96429137,2.44545455,,0
Brandon Williamson,96.0,93.0,,682227,6.020062696,1.17075,6.36534375,84.01125,1738.253125,0.155523045,0.252678566,0.097539674,320.0,16.50335224,5.909756098,0.785772358,6.800081301,73.14390244,2657.98374,0.176679127,0.306329428,0.096338678,123.0,6.343476019,5.90984456,1.142642487,6.488497409,89.26476684,2351.105354,0.159876066,0.258401585,0.104525561,579.0,29.86075297,5.998472222,0.895097222,6.595791667,92.79555556,2149.496523,0.152441053,0.265473553,0.099910591,720.0,37.13254255,,,,,,,,,,,5.914285714,1.138571429,6.485,83.37142857,2466.285714,0.146009182,0.403272329,0.076636003,14.0,0.722021661,3.20444444,3.73523316,,0
Tyler Matzek,100.2,93.2,,554431,5.980246914,2.215060241,6.212289157,89.27108434,2236.95,0.273596305,0.28860207,0.096731024,83.0,2.923564635,6.080487805,2.006341463,6.308902439,79.8195122,2850.3,0.415573091,0.236494524,0.075096746,82.0,2.888340965,6.444680851,1.971489362,6.284042553,89.64042553,2712.425532,0.11191711,0.102807941,0.063917732,47.0,1.655512504,6.307270754,1.841666667,6.272180736,94.7491342,2396.023332,0.189379483,0.195161098,0.10432476,1848.0,65.09334273,,,,,,,,,,,6.184427284,1.947432606,6.196713736,83.88703466,2767.841339,0.305241096,0.244458547,0.105169634,779.0,27.43923917,5.4508658,3.55957447,,0
Cody Anderson,97.8,93.4,,594736,5.879158317,-1.746344294,6.370077369,85.22398453,2252.584337,0.228858028,0.216902037,0.131193071,517.0,22.6456417,5.759493671,-1.545785124,6.509421488,83.78636364,2280.06867,0.275028036,0.218858798,0.130786307,242.0,10.6000876,5.961165049,-1.457559809,6.554449761,89.88995215,2089.845771,0.199380998,0.197939573,0.124494395,209.0,9.154621113,5.940367706,-1.471568025,6.540153728,93.43020753,2340.73435,0.217681292,0.24142462,0.167112052,1301.0,56.98642138,,,,,,,,,,,,,,,,,,,,,4.36979247,3.51004785,,1
Zach Jackson,97.6,94.6,,667427,5.054545455,-1.016363636,6.881818182,89.64545455,1456.909091,0.258316226,0.241589434,0.166422245,11.0,0.875099443,,,,,,,,,,,,,,,,,,,,,5.366809728,-0.748454936,6.836251788,94.02875536,2122.522238,0.1812484,0.232774875,0.129009782,699.0,55.60859189,,,,,,,,,,,4.965630713,-0.637696527,7.032468007,84.87330896,2450.615385,0.193832834,0.235408995,0.116048873,547.0,43.51630867,3.57124464,,,0
Tylor Megill,99.2,95.7,,656731,7.211097561,-1.603727162,5.759585871,87.10121803,1551.723716,0.200271526,0.33728217,0.158637719,821.0,15.83108369,7.184364821,-1.522833876,5.969185668,77.63387622,2308.85342,0.222764502,0.318454368,0.114362347,307.0,5.919784034,7.410619469,-1.49920354,5.755486726,89.97699115,2141.469027,0.200161913,0.155006576,0.086519931,113.0,2.178943309,7.297997238,-1.55587099,5.896281476,95.01769576,2149.772712,0.189179105,0.359564895,0.163674712,2899.0,55.90050135,,,,,,,,,,,7.223045267,-1.60813786,5.856615226,85.04104938,2204.164609,0.197835314,0.401540455,0.138718439,972.0,18.74276899,4.18230424,5.72300885,,0
Kodai Senga,99.8,95.9,,673540,,,,,,,,,,,6.292,-1.771066667,5.9448,72.82133333,2488.986667,0.173797024,0.185709548,0.112290165,75.0,2.683363148,6.484549356,-1.940543634,5.926881259,90.80257511,2497.909613,0.167883901,0.182393327,0.105067867,699.0,25.00894454,6.498063892,-1.956176186,5.903320426,95.66282672,2282.551357,0.164116521,0.179753265,0.106166969,1033.0,36.9588551,,,,,,,,,,,6.49068323,-1.852795031,5.930807453,84.6242236,2482.987421,0.167257751,0.2044389,0.107319471,161.0,5.760286225,4.13717328,5.09742489,,0
Cam Bedrosian,98.5,97.5,,592135,,,,,,,,,,,,,,,,,,,,,6.469148936,-2.077684211,6.004526316,94.78,2278.021505,0.195115954,0.157104469,0.153655932,95.0,1.978754426,6.278079096,-1.899865118,6.144979393,93.86077182,2328.937358,0.255433939,0.209562934,0.123626978,2669.0,55.59258488,,,,,,,,,,,5.722387268,-2.018921206,6.055986251,83.11745108,2620.544997,0.324082289,0.204659996,0.130050938,1891.0,39.38762758,4.63922818,2.72,,0
Emmanuel Clase,102.3,102.8,,661403,,,,,,,,,,,,,,,,,,,,,6.486134608,-0.690323529,6.092647059,99.51165689,2607.290762,0.19218284,0.204806815,0.111849182,2728.0,68.5944179,6.503773585,-0.703773585,6.063207547,99.78333333,2546.283019,0.199963712,0.221578484,0.111937029,54.0,1.357807393,,,,,,,,,,,6.462268908,-0.637722689,6.056319328,91.43230126,2593.746371,0.229520057,0.209113087,0.120223644,1195.0,30.0477747,2.51666667,3.28834311,,0
Cody Stashak,93.6,,,664054,6.04893617,-1.365957447,5.727659574,85.43617021,1451.702128,0.203098113,0.187705361,0.108070282,47.0,4.177777778,,,,,,,,,,,,,,,,,,,,,5.918356643,-1.171153846,5.855944056,91.25664336,2222.886364,0.189465352,0.187117682,0.110822354,572.0,50.84444444,,,,,,,,,,,5.702173913,-1.011996047,5.946798419,82.21758893,2194.881166,0.216212257,0.194278987,0.080365667,506.0,44.97777778,2.34335664,,,0
Yoshihisa Hirano,94.0,,,673633,,,,,,,,,,,,,,,,,,,,,,,,,,,,,,,6.163446475,-2.079573542,6.128738033,91.09869452,2198.759791,0.220793532,0.291604194,0.150268256,1149.0,50.39473684,,,,,,,,,,,5.878571429,-2.135,6.083571429,80.58571429,1331.583333,0.464391366,0.247191922,0.066170775,14.0,0.614035088,2.90130548,,,0
John Means,96.5,,,607644,5.916080097,0.735649272,6.564957524,82.34544903,2309.215067,0.299264305,0.256541267,0.154383033,1648.0,27.67887135,,,,,,,,,,,,,,,,,,,,,6.016994573,0.51593962,6.616892809,92.40722524,2394.722863,0.247675705,0.270239935,0.142640448,2948.0,49.51293248,,,,,,,,,,,5.919742489,0.749842632,6.533018598,84.74377682,2335.626437,0.298582021,0.230719203,0.134455981,699.0,11.74000672,4.09277476,,,1
Chris Devenski,97.7,,,606965,5.791019956,0.072523468,6.634434014,82.68591938,1539.571031,0.334148634,0.370429024,0.15225033,1811.0,36.22724545,,,,,,,,,,,,,,,,,,,,,5.591076487,-0.066646399,6.644345182,93.75841908,2347.737364,0.274744993,0.405547202,0.138754965,2138.0,42.76855371,,,,,,,,,,,5.1808,-0.149302857,6.591428571,82.22948571,2337.96496,0.244569018,0.381935746,0.133812748,875.0,17.5035007,3.94158092,,,1
Blake Taylor,97.7,,,642130,,,,,,,,,,,,,,,,,,,,,,,,,,,,,,,6.678134111,0.978688047,6.098104956,93.14217687,2315.210117,0.15957756,0.300814279,0.112228941,1029.0,73.97555715,,,,,,,,,,,6.595027624,1.100635359,6.090220994,83.52403315,2266.185083,0.184968738,0.252200036,0.10553363,362.0,26.02444285,4.55782313,,,0
Corbin Martin,97.9,,,656686,6.014110429,-1.67993865,5.754969325,87.47177914,2008.475309,0.265942837,0.575521767,0.20692151,163.0,14.26071741,5.761413043,-1.327826087,5.950815217,83.51847826,2542.76087,0.497513119,0.623909455,0.196529697,184.0,16.09798775,,,,,,,,,,,6.146870451,-1.295312955,5.938326055,94.44701601,2354.825328,0.281889634,0.600146371,0.195953135,687.0,60.10498688,,,,,,,,,,,6.03853211,-1.600091743,5.836513761,88.53669725,2345.59633,0.330518184,0.567800329,0.18602258,109.0,9.536307962,3.45298399,,,0
Trey Wingenter,100.1,,,622259,,,,,,,,,,,,,,,,,,,,,,,,,,,,,,,6.793741307,-2.419374131,5.855799722,96.35702364,2156.16968,0.250297416,0.2556455,0.099790276,719.0,58.59820701,,,,,,,,,,,6.075,-2.538287402,5.829507874,85.88602362,2195.035052,0.300992769,0.220710749,0.103930421,508.0,41.40179299,3.74297636,,,1
Keynan Middleton,100.5,,,641871,6.434042553,-2.990212766,5.988085106,87.51489362,2065.978723,0.352800347,0.179885101,0.138762204,47.0,3.651903652,,,,,,,,,,,,,,,,,,,,,6.266666667,-2.977207872,6.091205412,96.66162362,2440.495695,0.260982104,0.267017743,0.132168438,813.0,63.17016317,,,,,,,,,,,6.177517564,-3.10882904,6.112997658,88.0704918,2403.638756,0.267066171,0.236488466,0.15733821,427.0,33.17793318,3.83837638,,,1
